vin,stock,year,make,model,trim,type,price,msrp,miles,exterior_color,interior_color,transmission,drivetrain,engine,location,vdp_url,image_url
3KPFK4A76JE272455,N5100816B,2018,Kia,Forte,LX,Used,7551,0,126971,,,6-Speed Automatic,FWD,2.0L I4 DOHC Dual CVVT,,https://www.nucarnh.com/inventory/used-2018-kia-forte-lx-fwd-4d-sedan-3kpfk4a76je272455/,
1GCNKPEC2EZ257725,KT26200C,2014,Chevrolet,Silverado 1500,Work Truck,Used,8197,0,178785,,,6-Speed Automatic Electronic with Overdrive,4WD,EcoTec3 5.3L V8 Flex Fuel,,https://www.nucarnh.com/inventory/used-2014-chevrolet-silverado-1500-work-truck-4wd-2d-standard-cab-1gcnkpec2ez257725/,
5XYZUDLB8FG259922,N4700023A,2015,Hyundai,Santa Fe Sport,Base,Used,9289,0,105766,,,6-Speed Automatic with Shiftronic,AWD,2.4L I4 DGI DOHC 16V,,https://www.nucarnh.com/inventory/used-2015-hyundai-santa-fe-sport-base-awd-4d-sport-utility-5xyzudlb8fg259922/,
KM8J3CA40JU669356,U0500442A,2018,Hyundai,Tucson,SEL,Used,9292,0,122756,,,6-Speed Automatic with Shiftronic,AWD,2.0L DOHC,,https://www.nucarnh.com/inventory/used-2018-hyundai-tucson-sel-awd-4d-sport-utility-km8j3ca40ju669356/,
3FA6P0HD3JR244360,N4700113A,2018,Ford,Fusion,SE,Used,9732,0,102337,,,6-Speed Automatic,FWD,1.5L EcoBoost,,https://www.nucarnh.com/inventory/used-2018-ford-fusion-se-fwd-4d-sedan-3fa6p0hd3jr244360/,
WVGBV7AX1GW594891,CT26059C,2016,Volkswagen,Tiguan,S,Used,9785,0,83401,,,6-Speed Automatic with Tiptronic,AWD,2.0L 4-Cylinder Turbocharged,,https://www.nucarnh.com/inventory/used-2016-volkswagen-tiguan-s-awd-4d-sport-utility-wvgbv7ax1gw594891/,
KNDPMCAC1J7441237,N5100560B,2018,Kia,Sportage,LX,Used,9985,0,114219,,,6-Speed Automatic Electronic with Overdrive,AWD,2.4L I4 DGI DOHC 16V,,https://www.nucarnh.com/inventory/used-2018-kia-sportage-lx-awd-4d-sport-utility-kndpmcac1j7441237/,
KNDPMCAC7H7076153,N4700100B,2017,Kia,Sportage,LX,Used,11111,0,78626,,,6-Speed Automatic,AWD,2.4L I4 DGI DOHC 16V,,https://www.nucarnh.com/inventory/used-2017-kia-sportage-lx-awd-4d-sport-utility-kndpmcac7h7076153/,
5NMS3CAD8KH023533,U5000210A,2019,Hyundai,Santa Fe,SEL Plus,Used,12976,0,123496,,,8-Speed Automatic with SHIFTRONIC,AWD,2.4L I4 DGI DOHC 16V LEV3-ULEV70 185hp,,https://www.nucarnh.com/inventory/used-2019-hyundai-santa-fe-sel-plus-awd-4d-sport-utility-5nms3cad8kh023533/,
KM8J2CA48KU047396,U2300477A,2019,Hyundai,Tucson,SE,Used,13851,0,87570,,,6-Speed Automatic with Shiftronic,AWD,I4,,https://www.nucarnh.com/inventory/used-2019-hyundai-tucson-se-awd-4d-sport-utility-km8j2ca48ku047396/,
2C4RC1BG4LR106721,U5000254AA,2020,Chrysler,Pacifica,Touring L,Used,13938,0,113440,,,9-Speed 948TE Automatic,FWD,3.6L V6 24V VVT,,https://www.nucarnh.com/inventory/used-2020-chrysler-pacifica-touring-l-fwd-4d-passenger-van-2c4rc1bg4lr106721/,
2C4RC1BG5KR589179,CT26164A,2019,Chrysler,Pacifica,Touring L,Used,14177,0,97813,,,9-Speed 948TE Automatic,FWD,3.6L V6 24V VVT,,https://www.nucarnh.com/inventory/used-2019-chrysler-pacifica-touring-l-fwd-4d-passenger-van-2c4rc1bg5kr589179/,
1C4AJWBGXHL652908,U5000113A,2017,Jeep,Wrangler,Sahara,Used,14331,0,117560,,,5-Speed Automatic,4WD,3.6L V6 24V VVT,,https://www.nucarnh.com/inventory/used-2017-jeep-wrangler-sahara-4wd-2d-sport-utility-1c4ajwbgxhl652908/,
1GKKNRLA4KZ113441,CT26206A,2019,GMC,Acadia,SLE-1,Used,14693,0,69608,,,6-Speed Automatic,AWD,2.5L 4-Cylinder DGI DOHC VVT,,https://www.nucarnh.com/inventory/used-2019-gmc-acadia-sle-1-awd-4d-sport-utility-1gkknrla4kz113441/,
1C4RJFAG3MC780731,N4800030A,2021,Jeep,Grand Cherokee,Laredo X,Used,14777,0,126238,,,8-Speed Automatic,4WD,3.6L V6 24V VVT,,https://www.nucarnh.com/inventory/used-2021-jeep-grand-cherokee-laredo-x-4wd-4d-sport-utility-1c4rjfag3mc780731/,
1C4AJWAG2HL661846,U2100867A,2017,Jeep,Wrangler,Sport,Used,14798,0,88231,,,5-Speed Automatic,4WD,3.6L V6 24V VVT,,https://www.nucarnh.com/inventory/used-2017-jeep-wrangler-sport-4wd-2d-sport-utility-1c4ajwag2hl661846/,
3N1AB8CV4PY290766,N4600097A,2023,Nissan,Sentra,SV,Used,15453,0,116515,,,CVT with Xtronic,FWD,2.0L DOHC,,https://www.nucarnh.com/inventory/used-2023-nissan-sentra-sv-fwd-4d-sedan-3n1ab8cv4py290766/,
1N6AD0EV2JN763183,U5000230A,2018,Nissan,Frontier,SV,Used,15986,0,108845,,,5-Speed Automatic with Overdrive,4WD,4.0L V6 DOHC,,https://www.nucarnh.com/inventory/used-2018-nissan-frontier-sv-4wd-4d-crew-cab-1n6ad0ev2jn763183/,
3GKALXEXXJL152550,N2400275A,2018,GMC,Terrain,Denali,Used,16376,0,91407,,,9-Speed Automatic,AWD,2.0L Turbocharged,,https://www.nucarnh.com/inventory/used-2018-gmc-terrain-denali-awd-4d-sport-utility-3gkalxexxjl152550/,
1GNEVHKW2KJ272805,U5101280A,2019,Chevrolet,Traverse,3LT,Used,16455,0,107756,,,9-Speed Automatic,AWD,3.6L V6 SIDI VVT,,https://www.nucarnh.com/inventory/used-2019-chevrolet-traverse-3lt-awd-4d-sport-utility-1gnevhkw2kj272805/,
3N1CN8FV0RL889661,U5000316,2024,Nissan,Versa,1.6 SR,Used,16636,0,50791,,,CVT,FWD,1.6L I4 DOHC 16V,,https://www.nucarnh.com/inventory/used-2024-nissan-versa-1-6-sr-fwd-4d-sedan-3n1cn8fv0rl889661/,
3N1CP5CV2RL524864,U5000248,2024,Nissan,Kicks,SV,Used,16747,0,48472,,,CVT with Xtronic,FWD,1.6L 4-Cylinder DOHC 16V,,https://www.nucarnh.com/inventory/used-2024-nissan-kicks-sv-fwd-4d-sport-utility-3n1cp5cv2rl524864/,
3KPF24AD1RE761413,U5000282,2024,Kia,Forte,LXS,Certified Used,16879,0,51652,,,CVT,FWD,2.0L I4 MPI,,https://www.nucarnh.com/inventory/certified-used-2024-kia-forte-lxs-fwd-4d-sedan-3kpf24ad1re761413/,
KNDJ23AU0R7915078,U5000280,2024,Kia,Soul,LX,Certified Used,16944,0,50697,,,CVT,FWD,2.0L I4 DOHC,,https://www.nucarnh.com/inventory/certified-used-2024-kia-soul-lx-fwd-4d-hatchback-kndj23au0r7915078/,
3GNAX5EGXPL262079,U5000188,2023,Chevrolet,Equinox,LS,Used,16997,0,65261,,,6-Speed Automatic Electronic with Overdrive,AWD,1.5L DOHC,,https://www.nucarnh.com/inventory/used-2023-chevrolet-equinox-ls-awd-4d-sport-utility-3gnax5egxpl262079/,
1FTEW1EP1GFB39657,CT26184B,2016,Ford,F-150,Lariat,Used,17250,0,145858,,,6-Speed Automatic Electronic,4WD,2.7L V6 EcoBoost,,https://www.nucarnh.com/inventory/used-2016-ford-f-150-lariat-4wd-4d-supercrew-1ftew1ep1gfb39657/,
5FNYF6H03GB085629,N4700003B,2016,Honda,Pilot,Elite,Used,17563,0,88672,,,9-Speed Automatic,AWD,3.5L V6 24V SOHC i-VTEC,,https://www.nucarnh.com/inventory/used-2016-honda-pilot-elite-awd-4d-sport-utility-5fnyf6h03gb085629/,
3N1AB8CV2RY338283,U5000336,2024,Nissan,Sentra,SV,Used,17584,0,54295,,,CVT with Xtronic,FWD,2.0L I4 DOHC,,https://www.nucarnh.com/inventory/used-2024-nissan-sentra-sv-fwd-4d-sedan-3n1ab8cv2ry338283/,
1N4BL4DV6RN370968,U5000249,2024,Nissan,Altima,2.5 SV,Used,17585,0,51845,,,CVT with Xtronic,FWD,2.5L 4-Cylinder DOHC 16V,,https://www.nucarnh.com/inventory/used-2024-nissan-altima-2-5-sv-fwd-4d-sedan-1n4bl4dv6rn370968/,
3N1AB8BV0RY346593,U5000335,2024,Nissan,Sentra,S,Used,17673,0,51036,,,CVT with Xtronic,FWD,2.0L I4 DOHC,,https://www.nucarnh.com/inventory/used-2024-nissan-sentra-s-fwd-4d-sedan-3n1ab8bv0ry346593/,
5FNYF8H57LB000020,U2300287A,2020,Honda,Passport,EX-L,Used,17893,0,117316,,,9-Speed Automatic,AWD,3.5L V6 24V SOHC i-VTEC,,https://www.nucarnh.com/inventory/used-2020-honda-passport-ex-l-awd-4d-sport-utility-5fnyf8h57lb000020/,
3KPF24AD7PE555865,N4700016A,2023,Kia,Forte,LXS,Certified Used,17918,0,32864,,,CVT,FWD,2.0L I4 MPI,,https://www.nucarnh.com/inventory/certified-used-2023-kia-forte-lxs-fwd-4d-sedan-3kpf24ad7pe555865/,
1HGCV3F55MA022807,U5000186,2021,Honda,Accord Hybrid,EX-L,Used,18226,0,93878,,,eCVT,FWD,2.0L 4-Cylinder DOHC 16V i-VTEC,,https://www.nucarnh.com/inventory/used-2021-honda-accord-hybrid-ex-l-fwd-4d-sedan-1hgcv3f55ma022807/,
JA4ARUAUXRU024888,U5000283,2024,Mitsubishi,Outlander Sport,2.0 ES,Used,18563,0,35180,,,CVT,4WD,2.0L I4 DOHC 16V LEV3-ULEV70 148hp,,https://www.nucarnh.com/inventory/used-2024-mitsubishi-outlander-sport-2-0-es-4wd-4d-sport-utility-ja4aruauxru024888/,
3FMCR9B66MRA80060,U5000347,2021,Ford,Bronco Sport,Big Bend,Used,19378,0,74285,,,8-Speed Automatic,4WD,1.5L EcoBoost,,https://www.nucarnh.com/inventory/used-2021-ford-bronco-sport-big-bend-4wd-4d-sport-utility-3fmcr9b66mra80060/,
3N1AB8DV9PY292012,N4700048A,2023,Nissan,Sentra,SR,Used,19673,0,20302,,,CVT with Xtronic,FWD,2.0L DOHC,,https://www.nucarnh.com/inventory/used-2023-nissan-sentra-sr-fwd-4d-sedan-3n1ab8dv9py292012/,
3GKALVEG8RL327216,U5000199,2024,GMC,Terrain,SLT,Used,19709,0,61176,,,9-Speed Automatic,AWD,1.5L DOHC,,https://www.nucarnh.com/inventory/used-2024-gmc-terrain-slt-awd-4d-sport-utility-3gkalveg8rl327216/,
2FMPK4J90RBA95793,U5000200,2024,Ford,Edge,SEL,Used,19888,0,53175,,,8-Speed Automatic,AWD,EcoBoost 2.0L I4 GTDi DOHC Turbocharged VCT,,https://www.nucarnh.com/inventory/used-2024-ford-edge-sel-awd-4d-sport-utility-2fmpk4j90rba95793/,
3GNAXUEG7PS213020,U5000187,2023,Chevrolet,Equinox,LT,Used,19998,0,24460,,,6-Speed Automatic Electronic with Overdrive,AWD,1.5L DOHC,,https://www.nucarnh.com/inventory/used-2023-chevrolet-equinox-lt-awd-4d-sport-utility-3gnaxueg7ps213020/,
5N1BT3AB2PC878261,U5000315,2023,Nissan,Rogue,S,Used,20646,0,48909,,,CVT with Xtronic,AWD,1.5L I3 Turbocharged DOHC 12V LEV3-ULEV50 201hp,,https://www.nucarnh.com/inventory/used-2023-nissan-rogue-s-awd-4d-sport-utility-5n1bt3ab2pc878261/,
ZACNJDE15NPN90240,U5000276,2022,Jeep,Renegade,Altitude,Used,20859,0,16468,,,9-Speed 948TE Automatic,4WD,1.3L I4,,https://www.nucarnh.com/inventory/used-2022-jeep-renegade-altitude-4wd-4d-sport-utility-zacnjde15npn90240/,
5N1BT3AB2PC898400,U5400096,2023,Nissan,Rogue,S,Used,20917,0,43140,,,CVT with Xtronic,AWD,1.5L I3 Turbocharged DOHC 12V LEV3-ULEV50 201hp,,https://www.nucarnh.com/inventory/used-2023-nissan-rogue-s-awd-4d-sport-utility-5n1bt3ab2pc898400/,
5NMJBCAE8PH193857,N1300263A,2023,Hyundai,Tucson,SEL,Used,20945,0,78683,,,8-Speed Automatic with SHIFTRONIC,AWD,2.5L I4 DGI DOHC 16V LEV3-ULEV70 187hp,,https://www.nucarnh.com/inventory/used-2023-hyundai-tucson-sel-awd-4d-sport-utility-5nmjbcae8ph193857/,
ZACNJDE13PPP12256,PUN848,2023,Jeep,Renegade,Altitude,Used,21223,0,33948,,,9-Speed 948TE Automatic,4WD,1.3L I4,,https://www.nucarnh.com/inventory/used-2023-jeep-renegade-altitude-4wd-4d-sport-utility-zacnjde13ppp12256/,
KM8HBCAB4SU283931,U5000313,2025,Hyundai,Kona,SEL,Used,21322,0,33891,,,CVT,AWD,2.0L I4 DOHC 16V,,https://www.nucarnh.com/inventory/used-2025-hyundai-kona-sel-awd-4d-sport-utility-km8hbcab4su283931/,
3GKALVEG0RL361201,U5000198,2024,GMC,Terrain,SLT,Used,21334,0,45475,,,9-Speed Automatic,AWD,1.5L DOHC,,https://www.nucarnh.com/inventory/used-2024-gmc-terrain-slt-awd-4d-sport-utility-3gkalveg0rl361201/,
3VV4B7AX0NM091048,U2400528,2022,Volkswagen,Tiguan,2.0T SEL R-Line,Used,21663,0,77297,,,8-Speed Automatic with Tiptronic,AWD,2.0L TSI DOHC,,https://www.nucarnh.com/inventory/used-2022-volkswagen-tiguan-2-0t-sel-r-line-awd-4d-sport-utility-3vv4b7ax0nm091048/,
1G1FB1RX9N0101547,U5000490,2022,Chevrolet,Camaro,1LT,Used,21888,0,28848,,,8-Speed Automatic,RWD,2.0L Turbocharged,,https://www.nucarnh.com/inventory/used-2022-chevrolet-camaro-1lt-rwd-2d-coupe-1g1fb1rx9n0101547/,
KL79MUSL1PB127328,UN522,2023,Chevrolet,TrailBlazer,RS,Used,21923,0,39893,,,9-Speed Automatic,AWD,1.3L Ecotec Turbo DOHC SIDI w/VVT,,https://www.nucarnh.com/inventory/used-2023-chevrolet-trailblazer-rs-awd-4d-sport-utility-kl79musl1pb127328/,
KM8K6CAB6PU044270,U2100959,2023,Hyundai,Kona,SEL,Used,21944,0,32682,,,CVT,AWD,2.0L I4 DOHC Dual CVVT,,https://www.nucarnh.com/inventory/used-2023-hyundai-kona-sel-awd-4d-sport-utility-km8k6cab6pu044270/,
5N1BT3AB7PC921685,U1300594,2023,Nissan,Rogue,S,Certified Used,22223,0,25165,,,CVT with Xtronic,AWD,1.5L I3 Turbocharged DOHC 12V LEV3-ULEV50 201hp,,https://www.nucarnh.com/inventory/certified-used-2023-nissan-rogue-s-awd-4d-sport-utility-5n1bt3ab7pc921685/,
1GYFZBR48MF022553,U5000251A,2021,Cadillac,XT4,Luxury,Used,22227,0,61453,,,9-Speed Automatic,AWD,2.0L I4 Turbocharged,,https://www.nucarnh.com/inventory/used-2021-cadillac-xt4-luxury-awd-4d-sport-utility-1gyfzbr48mf022553/,
JF1GUABC4S8293251,U5000162,2025,Subaru,Impreza,Base,Used,22277,0,2004,,,CVT Lineartronic,AWD,2.0L DOHC,,https://www.nucarnh.com/inventory/used-2025-subaru-impreza-base-awd-4d-hatchback-jf1guabc4s8293251/,
1C6RR7LT0KS557730,U5000252A,2019,Ram,1500 Classic,Big Horn,Used,22433,0,98939,,,8-Speed Automatic,4WD,HEMI 5.7L V8 Multi Displacement VVT,,https://www.nucarnh.com/inventory/used-2019-ram-1500-classic-big-horn-4wd-4d-crew-cab-1c6rr7lt0ks557730/,
JM3KFBDM7M1464782,U5000189A,2021,Mazda,CX-5,Grand Touring,Used,22563,0,61041,,,6-Speed Automatic,AWD,SKYACTIV®-G 2.5L 4-Cylinder DOHC 16V,,https://www.nucarnh.com/inventory/used-2021-mazda-cx-5-grand-touring-awd-4d-sport-utility-jm3kfbdm7m1464782/,
5N1BT3BB8RC735719,N5100608A,2024,Nissan,Rogue,SV,Certified Used,22623,0,14314,,,CVT with Xtronic,AWD,1.5L DOHC,,https://www.nucarnh.com/inventory/certified-used-2024-nissan-rogue-sv-awd-4d-sport-utility-5n1bt3bb8rc735719/,
5N1DR3CD3NC242886,N4700152A,2022,Nissan,Pathfinder,SL,Used,22666,0,88453,,,9-Speed Automatic,4WD,V6,,https://www.nucarnh.com/inventory/used-2022-nissan-pathfinder-sl-4wd-4d-sport-utility-5n1dr3cd3nc242886/,
2HGFE2F53PH530531,U0300614A,2023,Honda,Civic,Sport,Used,22697,0,57579,,,CVT,FWD,2.0L I4 DOHC 16V i-VTEC,,https://www.nucarnh.com/inventory/used-2023-honda-civic-sport-fwd-4d-sedan-2hgfe2f53ph530531/,
3MVDMBBM0SM767606,U5000284,2025,Mazda,CX-30,2.5 S Select Sport,Used,22863,0,39039,,,6-Speed Automatic,AWD,SKYACTIV®-G 2.5L 4-Cylinder DOHC 16V,,https://www.nucarnh.com/inventory/used-2025-mazda-cx-30-2-5-s-select-sport-awd-4d-sport-utility-3mvdmbbm0sm767606/,
3GKALTEG5RL376569,U2101072,2024,GMC,Terrain,SLE,Used,22865,0,44124,,,9-Speed Automatic,AWD,1.5L DOHC,,https://www.nucarnh.com/inventory/used-2024-gmc-terrain-sle-awd-4d-sport-utility-3gkalteg5rl376569/,
1C4RJHAG0PC621813,U1300384AA,2023,Jeep,Grand Cherokee,Laredo,Used,22969,0,77118,,,8-Speed Automatic,4WD,3.6L V6 24V VVT,,https://www.nucarnh.com/inventory/used-2023-jeep-grand-cherokee-laredo-4wd-4d-sport-utility-1c4rjhag0pc621813/,
1C4HJXDG4NW151976,U5000169,2022,Jeep,Wrangler,Unlimited Sport S,Used,22977,0,62997,,,8-Speed Automatic,4WD,3.6L V6 24V VVT,,https://www.nucarnh.com/inventory/used-2022-jeep-wrangler-unlimited-sport-s-4wd-4d-sport-utility-1c4hjxdg4nw151976/,
1GTV2NEJ7HZ113143,U5000191A,2017,GMC,Sierra 1500,SLT,Used,23058,0,106650,,,8-Speed Automatic with Overdrive,4WD,EcoTec3 6.2L V8,,https://www.nucarnh.com/inventory/used-2017-gmc-sierra-1500-slt-4wd-double-cab-1gtv2nej7hz113143/,
KNDERCAA2R7647492,NC26175A,2024,Kia,Seltos,EX,Certified Used,23223,0,41393,,,CVT,AWD,2.0L I4 MPI,,https://www.nucarnh.com/inventory/certified-used-2024-kia-seltos-ex-awd-4d-sport-utility-kndercaa2r7647492/,
KNDERCAA3R7534912,U5000293A,2024,Kia,Seltos,EX,Certified Used,23283,0,43952,,,CVT,AWD,2.0L I4 MPI,,https://www.nucarnh.com/inventory/certified-used-2024-kia-seltos-ex-awd-4d-sport-utility-kndercaa3r7534912/,
1GKKNUL41NZ128237,N2300371B,2022,GMC,Acadia,SLT,Used,23323,0,67222,,,9-Speed Automatic,AWD,2.0L Turbocharged,,https://www.nucarnh.com/inventory/used-2022-gmc-acadia-slt-awd-4d-sport-utility-1gkknul41nz128237/,
1FMSK8DH1MGB91759,N5400200A,2021,Ford,Explorer,XLT,Used,23439,0,63178,,,10-Speed Automatic,4WD,2.3L EcoBoost I-4,,https://www.nucarnh.com/inventory/used-2021-ford-explorer-xlt-4wd-4d-sport-utility-1fmsk8dh1mgb91759/,
LRBFZME43RD064394,U2101073,2024,Buick,Envision,Preferred,Used,23448,0,48093,,,9-Speed Automatic,AWD,2.0L Turbocharged,,https://www.nucarnh.com/inventory/used-2024-buick-envision-preferred-awd-4d-sport-utility-lrbfzme43rd064394/,
5XYP3DHC0MG129514,U5000356,2021,Kia,Telluride,EX,Used,23593,0,82075,,,8-Speed Automatic,AWD,3.8L V6 DGI DOHC Dual CVVT,,https://www.nucarnh.com/inventory/used-2021-kia-telluride-ex-awd-4d-sport-utility-5xyp3dhc0mg129514/,
KNDETCA71R7603957,U2101064,2024,Kia,Seltos,SX,Certified Used,23627,0,40989,,,8-Speed Automatic,AWD,I4,,https://www.nucarnh.com/inventory/certified-used-2024-kia-seltos-sx-awd-4d-sport-utility-kndetca71r7603957/,
2C4RC1S74RR108963,U5000326,2024,Chrysler,Pacifica Hybrid,Select,Used,23749,0,62798,,,CVT,FWD,3.6L V6,,https://www.nucarnh.com/inventory/used-2024-chrysler-pacifica-hybrid-select-fwd-4d-passenger-van-2c4rc1s74rr108963/,
JA4J4VA8XRZ084907,N4600102A,2024,Mitsubishi,Outlander,SE,Used,23753,0,36717,,,CVT,4WD,2.5L 4-Cylinder DOHC,,https://www.nucarnh.com/inventory/used-2024-mitsubishi-outlander-se-4wd-4d-sport-utility-ja4j4va8xrz084907/,
3FMCR9BN1SRE31428,U5000201,2025,Ford,Bronco Sport,Big Bend,Used,23764,0,41707,,,8-Speed Automatic,4WD,1.5L EcoBoost,,https://www.nucarnh.com/inventory/used-2025-ford-bronco-sport-big-bend-4wd-4d-sport-utility-3fmcr9bn1sre31428/,
1FMCU9GN8RUB41682,AN2050A,2024,Ford,Escape,Active,Used,23823,0,18188,,,8-Speed Automatic,AWD,1.5L EcoBoost,,https://www.nucarnh.com/inventory/used-2024-ford-escape-active-awd-4d-sport-utility-1fmcu9gn8rub41682/,
3VVMB7AX0PM082188,U5000318,2023,Volkswagen,Tiguan,2.0T SE,Used,23849,0,17814,,,8-Speed Automatic with Tiptronic,AWD,2.0L TSI DOHC,,https://www.nucarnh.com/inventory/used-2023-volkswagen-tiguan-2-0t-se-awd-4d-sport-utility-3vvmb7ax0pm082188/,
3KPFT4DE6TE412112,N4600135,2026,Kia,K4,LXS,New,23927,25340,6,,,CVT,FWD,2.0L I4 MPI,,https://www.nucarnh.com/inventory/new-2026-kia-k4-lxs-fwd-4d-sedan-3kpft4de6te412112/,
3VVFB7AX9RM132131,U5000362,2024,Volkswagen,Tiguan,2.0T S,Used,23954,0,19945,,,8-Speed Automatic with Tiptronic,AWD,2.0L TSI DOHC,,https://www.nucarnh.com/inventory/used-2024-volkswagen-tiguan-2-0t-s-awd-4d-sport-utility-3vvfb7ax9rm132131/,
1FMCU9NA6SUB03325,U5000317,2025,Ford,Escape,ST-Line Select,Used,24323,0,57342,,,8-Speed Automatic,AWD,EcoBoost 2.0L I4 GTDi DOHC Turbocharged VCT,,https://www.nucarnh.com/inventory/used-2025-ford-escape-st-line-select-awd-4d-sport-utility-1fmcu9na6sub03325/,
JF1GUABC4S8226276,U5000323,2025,Subaru,Impreza,Base,Used,24508,0,3049,,,CVT Lineartronic,AWD,2.0L DOHC,,https://www.nucarnh.com/inventory/used-2025-subaru-impreza-base-awd-4d-hatchback-jf1guabc4s8226276/,
3KPFU4DE2TE410130,N4600131,2026,Kia,K4,EX,New,24517,26430,6,,,CVT,FWD,2.0L I4 MPI,,https://www.nucarnh.com/inventory/new-2026-kia-k4-ex-fwd-4d-sedan-3kpfu4de2te410130/,
3C4NJDCN0PT526904,U1400414,2023,Jeep,Compass,Limited,Used,24523,0,16189,,,8-Speed Automatic,4WD,2.0L I4 DOHC,,https://www.nucarnh.com/inventory/used-2023-jeep-compass-limited-4wd-4d-sport-utility-3c4njdcn0pt526904/,
5N1DR3CD7PC239072,U5000226,2023,Nissan,Pathfinder,SL,Used,24879,0,76553,,,9-Speed Automatic,4WD,V6,,https://www.nucarnh.com/inventory/used-2023-nissan-pathfinder-sl-4wd-4d-sport-utility-5n1dr3cd7pc239072/,
7MUFBABG4PV005414,U0500598A,2023,Toyota,Corolla Cross,Hybrid SE,Used,24988,0,57852,,,eCVT,AWD,2.0L I4 PDI Hybrid DOHC 16V LEV3-SULEV30 150hp,,https://www.nucarnh.com/inventory/used-2023-toyota-corolla-cross-hybrid-se-awd-4d-sport-utility-7mufbabg4pv005414/,
3VV2B7AX7RM193427,U0800794,2024,Volkswagen,Tiguan,2.0T SE,Used,25165,0,34029,,,8-Speed Automatic with Tiptronic,AWD,2.0L TSI DOHC,,https://www.nucarnh.com/inventory/used-2024-volkswagen-tiguan-2-0t-se-awd-4d-sport-utility-3vv2b7ax7rm193427/,
1C4HJXDG3MW664151,N5000046B,2021,Jeep,Wrangler,Unlimited Willys,Used,25277,0,55383,,,6-Speed Manual,4WD,3.6L V6 24V VVT,,https://www.nucarnh.com/inventory/used-2021-jeep-wrangler-unlimited-willys-4wd-4d-sport-utility-1c4hjxdg3mw664151/,
3FMCR9BN3SRE34282,U5000281,2025,Ford,Bronco Sport,Big Bend,Used,25623,0,37879,,,8-Speed Automatic,4WD,1.5L EcoBoost,,https://www.nucarnh.com/inventory/used-2025-ford-bronco-sport-big-bend-4wd-4d-sport-utility-3fmcr9bn3sre34282/,
JM3KFBCM6S0699324,U5000195,2025,Mazda,CX-5,2.5 S Carbon Edition,Used,25644,0,36118,,,6-Speed Automatic,AWD,SKYACTIV®-G 2.5L 4-Cylinder DOHC 16V,,https://www.nucarnh.com/inventory/used-2025-mazda-cx-5-2-5-s-carbon-edition-awd-4d-sport-utility-jm3kfbcm6s0699324/,
WA1DECF30S1017460,U5000287,2025,Audi,Q3,Premium,Used,25933,0,38901,,,8-Speed Automatic with Tiptronic,quattro,2.0L 4-Cylinder TFSI,,https://www.nucarnh.com/inventory/used-2025-audi-q3-premium-quattro-4d-sport-utility-wa1decf30s1017460/,
JF2SKAEC3PH551421,U6001184A,2023,Subaru,Forester,Premium,Used,25958,0,45872,,,Lineartronic CVT,AWD,2.5L 4-Cylinder DOHC 16V,,https://www.nucarnh.com/inventory/used-2023-subaru-forester-premium-awd-4d-sport-utility-jf2skaec3ph551421/,
3GNAXPEG7SL225088,U5000285,2025,Chevrolet,Equinox,LT,Used,26284,0,30322,,,8-Speed Automatic,AWD,1.5L DOHC,,https://www.nucarnh.com/inventory/used-2025-chevrolet-equinox-lt-awd-4d-sport-utility-3gnaxpeg7sl225088/,
5NMS5DAL2NH416780,U5101300,2022,Hyundai,Santa Fe,Calligraphy,Used,26372,0,41802,,,Shiftronic,AWD,I4,,https://www.nucarnh.com/inventory/used-2022-hyundai-santa-fe-calligraphy-awd-4d-sport-utility-5nms5dal2nh416780/,
1V2LE2CA9RC213652,U1500471,2024,Volkswagen,Atlas Cross Sport,2.0T SE,Used,26584,0,48744,,,8-Speed Automatic with Tiptronic,AWD,2.0L TSI,,https://www.nucarnh.com/inventory/used-2024-volkswagen-atlas-cross-sport-2-0t-se-awd-4d-sport-utility-1v2le2ca9rc213652/,
KNDEBCD37V5027082,N4600130,2027,Kia,Seltos,LX,New,27014,28385,10,,,CVT,AWD,2.0L I4 MPI,,https://www.nucarnh.com/inventory/new-2027-kia-seltos-lx-awd-4d-sport-utility-kndebcd37v5027082/,
JM3KFBCM6S0688338,U5000288,2025,Mazda,CX-5,2.5 S Carbon Edition,Used,27323,0,34545,,,6-Speed Automatic,AWD,SKYACTIV®-G 2.5L 4-Cylinder DOHC 16V,,https://www.nucarnh.com/inventory/used-2025-mazda-cx-5-2-5-s-carbon-edition-awd-4d-sport-utility-jm3kfbcm6s0688338/,
1C4RJKBGXM8112208,N4600141A,2021,Jeep,Grand Cherokee L,Limited,Used,27463,0,48652,,,8-Speed Automatic,4WD,3.6L V6 24V VVT,,https://www.nucarnh.com/inventory/used-2021-jeep-grand-cherokee-l-limited-4wd-4d-sport-utility-1c4rjkbgxm8112208/,
1V2HP2CA7PC520041,U2400520,2023,Volkswagen,Atlas,2.0T SE w/Technology,Used,27489,0,26018,,,8-Speed Automatic with Tiptronic,AWD,2.0L TSI,,https://www.nucarnh.com/inventory/used-2023-volkswagen-atlas-2-0t-se-wtechnology-awd-4d-sport-utility-1v2hp2ca7pc520041/,
1C4RJHAG7PC632565,N2300317A,2023,Jeep,Grand Cherokee,Altitude X,Used,27657,0,63478,,,8-Speed Automatic,4WD,3.6L V6 24V VVT,,https://www.nucarnh.com/inventory/used-2023-jeep-grand-cherokee-altitude-x-4wd-4d-sport-utility-1c4rjhag7pc632565/,
4S4BTGPD4P3185465,U1500500,2023,Subaru,Outback,Touring XT,Used,27845,0,57022,,,CVT Lineartronic,AWD,2.4L DOHC,,https://www.nucarnh.com/inventory/used-2023-subaru-outback-touring-xt-awd-4d-sport-utility-4s4btgpd4p3185465/,
JTNC4MBE5S3250624,N4600077B,2025,Toyota,Corolla Hatchback,XSE,Used,27886,0,11055,,,CVT,FWD,2.0L I4,,https://www.nucarnh.com/inventory/used-2025-toyota-corolla-hatchback-xse-fwd-5d-hatchback-jtnc4mbe5s3250624/,
2C4RC1GG2SR524217,U5000325,2025,Chrysler,Pacifica,Limited,Used,27931,0,66479,,,9-Speed 948TE Automatic,FWD,3.6L V6 24V VVT,,https://www.nucarnh.com/inventory/used-2025-chrysler-pacifica-limited-fwd-4d-passenger-van-2c4rc1gg2sr524217/,
KM8JFCD13RU173956,U5000339,2024,Hyundai,Tucson Hybrid,N Line,Used,27963,0,23046,,,6-Speed Automatic,AWD,I4,,https://www.nucarnh.com/inventory/used-2024-hyundai-tucson-hybrid-n-line-awd-4d-sport-utility-km8jfcd13ru173956/,
1FMCU9JA8SUB46148,U2000778,2025,Ford,Escape,Platinum,Used,27974,0,18298,,,8-Speed Automatic,AWD,EcoBoost 2.0L I4 GTDi DOHC Turbocharged VCT,,https://www.nucarnh.com/inventory/used-2025-ford-escape-platinum-awd-4d-sport-utility-1fmcu9ja8sub46148/,
WBA23GG03S7T56156,U5000178,2025,BMW,2 Series,228 xDrive Gran Coupe,Used,28431,0,17452,,,7-Speed Automatic,AWD,2.0L I4 DOHC,,https://www.nucarnh.com/inventory/used-2025-bmw-2-series-228-xdrive-gran-coupe-awd-4d-sedan-wba23gg03s7t56156/,
1N4BL4DW3TN343243,N4700004,2026,Nissan,Altima,2.5 SV,New,28568,31750,8,,,CVT with Xtronic,AWD,2.5L 4-Cylinder DOHC 16V,,https://www.nucarnh.com/inventory/new-2026-nissan-altima-2-5-sv-awd-4d-sedan-1n4bl4dw3tn343243/,
1C6HJTFG4NL154374,N0900879A,2022,Jeep,Gladiator,Overland,Used,28672,0,71171,,,8-Speed Automatic,4WD,3.6L V6 24V VVT,,https://www.nucarnh.com/inventory/used-2022-jeep-gladiator-overland-4wd-4d-crew-cab-1c6hjtfg4nl154374/,
5UX53DP00N9L45380,U5000310,2022,BMW,X3,xDrive30i,Used,28677,0,46136,,,8-Speed Automatic Sport,AWD,2.0L I4 TwinPower Turbo,,https://www.nucarnh.com/inventory/used-2022-bmw-x3-xdrive30i-awd-4d-sport-utility-5ux53dp00n9l45380/,
1C6RRFFG6RN117285,N6100147A,2024,Ram,1500,Big Horn/Lone Star,Used,28925,0,81204,,,8-Speed Automatic,4WD,3.6L V6 24V VVT,,https://www.nucarnh.com/inventory/used-2024-ram-1500-big-hornlone-star-4wd-4d-crew-cab-1c6rrffg6rn117285/,
1GNEVJKW9PJ249116,N6100461A,2023,Chevrolet,Traverse,RS,Used,28963,0,77040,,,9-Speed Automatic,AWD,3.6L V6 SIDI VVT,,https://www.nucarnh.com/inventory/used-2023-chevrolet-traverse-rs-awd-4d-sport-utility-1gnevjkw9pj249116/,
5XYP3DHC3NG279862,KT27009A,2022,Kia,Telluride,EX,Certified Used,29402,0,51172,,,8-Speed Automatic,AWD,3.8L V6 DOHC,,https://www.nucarnh.com/inventory/certified-used-2022-kia-telluride-ex-awd-4d-sport-utility-5xyp3dhc3ng279862/,
KNDELCD39V5030708,N4600120,2027,Kia,Seltos,S,New,29427,29905,6,,,CVT,AWD,2.0L I4 MPI,,https://www.nucarnh.com/inventory/new-2027-kia-seltos-s-awd-4d-sport-utility-kndelcd39v5030708/,
4S3BWAN69S3005175,N0900380A,2025,Subaru,Legacy,Limited,Used,29467,0,36811,,,Lineartronic CVT,AWD,2.5L 4-Cylinder DOHC 16V,,https://www.nucarnh.com/inventory/used-2025-subaru-legacy-limited-awd-4d-sedan-4s3bwan69s3005175/,
1C6SRFDT1LN344697,N4900094A,2020,Ram,1500,Laramie,Used,29483,0,48517,,,8-Speed Automatic,4WD,HEMI 5.7L V8 Multi Displacement VVT,,https://www.nucarnh.com/inventory/used-2020-ram-1500-laramie-4wd-4d-quad-cab-1c6srfdt1ln344697/,
1C4RDJDG0RC213213,U5000329,2024,Dodge,Durango,GT Plus,Used,29546,0,55960,,,8-Speed Automatic,AWD,3.6L V6 24V VVT,,https://www.nucarnh.com/inventory/used-2024-dodge-durango-gt-plus-awd-4d-sport-utility-1c4rdjdg0rc213213/,
1G1FD3DS6P0158048,UFL1331B,2023,Chevrolet,Camaro,3LT,Used,29923,0,46219,,,10-Speed Automatic,RWD,3.6L V6 DI,,https://www.nucarnh.com/inventory/used-2023-chevrolet-camaro-3lt-rwd-2d-convertible-1g1fd3ds6p0158048/,
JF2SLDHC3SH515313,U6000765A,2025,Subaru,Forester,Sport,Used,29934,0,10132,,,Lineartronic CVT,AWD,2.5L 4-Cylinder DOHC 16V,,https://www.nucarnh.com/inventory/used-2025-subaru-forester-sport-awd-4d-sport-utility-jf2sldhc3sh515313/,
1C6HJTAG5PL513225,N4700102A,2023,Jeep,Gladiator,Sport,Used,29963,0,27584,,,8-Speed Automatic,4WD,3.6L V6 24V VVT,,https://www.nucarnh.com/inventory/used-2023-jeep-gladiator-sport-4wd-4d-crew-cab-1c6hjtag5pl513225/,
JF2SLDDCXSH566507,U0500582,2025,Subaru,Forester,Premium,Used,29983,0,14073,,,Lineartronic CVT,AWD,2.5L 4-Cylinder DOHC 16V,,https://www.nucarnh.com/inventory/used-2025-subaru-forester-premium-awd-4d-sport-utility-jf2slddcxsh566507/,
1GCPDKEK1NZ596652,AC766A,2022,Chevrolet,Silverado 1500,LT,Used,29997,0,72130,,,8-Speed Automatic,4WD,2.7L Turbo,,https://www.nucarnh.com/inventory/used-2022-chevrolet-silverado-1500-lt-4wd-4d-crew-cab-1gcpdkek1nz596652/,
2T3J1RFV1RW462083,U5000333,2024,Toyota,RAV4,Adventure,Used,30433,0,47159,,,8-Speed Automatic,AWD,2.5L 4-Cylinder DOHC Dual VVT-i,,https://www.nucarnh.com/inventory/used-2024-toyota-rav4-adventure-awd-4d-sport-utility-2t3j1rfv1rw462083/,
1C6HJTFG8NL142700,U5400077A,2022,Jeep,Gladiator,Overland,Used,30541,0,46809,,,8-Speed Automatic,4WD,3.6L V6 24V VVT,,https://www.nucarnh.com/inventory/used-2022-jeep-gladiator-overland-4wd-4d-crew-cab-1c6hjtfg8nl142700/,
3FTTW8BA5TRA07658,N5400439,2026,Ford,Maverick,XL,New,30585,31605,5,,,8-Speed Automatic,AWD,EcoBoost 2.0L I4 GTDi DOHC Turbocharged VCT,,https://www.nucarnh.com/inventory/new-2026-ford-maverick-xl-awd-4d-crew-cab-3fttw8ba5tra07658/,
5NMMADTB0SH029682,U5000338,2025,Genesis,GV70,2.5T,Used,30855,0,49816,,,8-Speed Automatic with SHIFTRONIC,AWD,2.5L DOHC,,https://www.nucarnh.com/inventory/used-2025-genesis-gv70-2-5t-awd-4d-sport-utility-5nmmadtb0sh029682/,
3C4NJDCNXTT274699,CT26259,2026,Jeep,Compass,Limited,New,31003,36150,6,,,8-Speed Automatic,4WD,2.0L I4 DOHC,,https://www.nucarnh.com/inventory/new-2026-jeep-compass-limited-4wd-4d-sport-utility-3c4njdcnxtt274699/,
5TDGZRBH7MS541139,U1300607,2021,Toyota,Highlander,XLE,Used,31288,0,65217,,,8-Speed Automatic,AWD,3.5L V6 DOHC,,https://www.nucarnh.com/inventory/used-2021-toyota-highlander-xle-awd-4d-sport-utility-5tdgzrbh7ms541139/,
5GAEVAKW5PJ141196,U5000254A,2023,Buick,Enclave,Essence,Used,31323,0,31497,,,9-Speed Automatic,AWD,3.6L V6 SIDI VVT,,https://www.nucarnh.com/inventory/used-2023-buick-enclave-essence-awd-4d-sport-utility-5gaevakw5pj141196/,
KNDCP3JE2V5396253,N4600121,2027,Kia,Niro,LX,New,31391,32630,6,,,6-Speed Dual Clutch,FWD,1.6L I4 DGI Hybrid DOHC 16V LEV3-SULEV30 139hp,,https://www.nucarnh.com/inventory/new-2027-kia-niro-lx-fwd-4d-sport-utility-kndcp3je2v5396253/,
1C6HJTAG1PL548635,AC711A,2023,Jeep,Gladiator,Sport,Used,31412,0,37033,,,8-Speed Automatic,4WD,3.6L V6 24V VVT,,https://www.nucarnh.com/inventory/used-2023-jeep-gladiator-sport-4wd-4d-crew-cab-1c6hjtag1pl548635/,
KNAG64J71T5511821,N4600024,2026,Kia,K5,GT-Line,New,31423,34920,6,,,8-Speed Automatic,AWD,I4,,https://www.nucarnh.com/inventory/new-2026-kia-k5-gt-line-awd-4d-sedan-knag64j71t5511821/,
KNAG64J75T5524152,N4600076,2026,Kia,K5,GT-Line,New,31513,35010,6,,,8-Speed Automatic,AWD,I4,,https://www.nucarnh.com/inventory/new-2026-kia-k5-gt-line-awd-4d-sedan-knag64j75t5524152/,
1C6SRFFT2LN291179,N4700101A,2020,Ram,1500,Big Horn/Lone Star,Used,31523,0,51572,,,8-Speed Automatic,4WD,HEMI 5.7L V8 Multi Displacement VVT,,https://www.nucarnh.com/inventory/used-2020-ram-1500-big-hornlone-star-4wd-4d-crew-cab-1c6srfft2ln291179/,
1C4HJXEG0PW531060,CT26250A,2023,Jeep,Wrangler,Sahara,Used,31584,0,52178,,,8-Speed Automatic,4WD,3.6L V6 24V VVT,,https://www.nucarnh.com/inventory/used-2023-jeep-wrangler-sahara-4wd-4d-sport-utility-1c4hjxeg0pw531060/,
2T3P1RFV6RW422852,U5000246,2024,Toyota,RAV4,XLE,Used,31757,0,44637,,,8-Speed Automatic,AWD,2.5L 4-Cylinder DOHC Dual VVT-i,,https://www.nucarnh.com/inventory/used-2024-toyota-rav4-xle-awd-4d-sport-utility-2t3p1rfv6rw422852/,
KNDEDCD30V5025488,N4600124,2027,Kia,Seltos,X-Line S,New,32066,32605,6,,,CVT,AWD,2.0L I4 MPI,,https://www.nucarnh.com/inventory/new-2027-kia-seltos-x-line-s-awd-4d-sport-utility-kndedcd30v5025488/,
5XYK3CDF0TG451637,KT26251,2026,Kia,Sportage,EX,New,32115,35615,6,,,8-Speed Automatic,AWD,I4,,https://www.nucarnh.com/inventory/new-2026-kia-sportage-ex-awd-4d-sport-utility-5xyk3cdf0tg451637/,
2T3P1RFV7SW515000,U0301044,2025,Toyota,RAV4,XLE,Used,32227,0,35401,,,8-Speed Automatic,AWD,2.5L 4-Cylinder DOHC Dual VVT-i,,https://www.nucarnh.com/inventory/used-2025-toyota-rav4-xle-awd-4d-sport-utility-2t3p1rfv7sw515000/,
3GCPYFED0MG371604,N4600056AA,2021,Chevrolet,Silverado 1500,LT Trail Boss,Used,32397,0,52986,,,10-Speed Automatic,4WD,EcoTec3 5.3L V8,,https://www.nucarnh.com/inventory/used-2021-chevrolet-silverado-1500-lt-trail-boss-4wd-4d-crew-cab-3gcpyfed0mg371604/,
5N1BT3BB0TC874623,N4700077,2026,Nissan,Rogue,Dark Armor,New,32609,38065,6,,,CVT with Xtronic,AWD,1.5L DOHC,,https://www.nucarnh.com/inventory/new-2026-nissan-rogue-dark-armor-awd-4d-sport-utility-5n1bt3bb0tc874623/,
5N1BT3BB1TC866109,N4700065,2026,Nissan,Rogue,Dark Armor,New,32609,38065,6,,,CVT with Xtronic,AWD,1.5L DOHC,,https://www.nucarnh.com/inventory/new-2026-nissan-rogue-dark-armor-awd-4d-sport-utility-5n1bt3bb1tc866109/,
5N1BT3BB6TC874674,N4700076,2026,Nissan,Rogue,Dark Armor,New,32609,38065,8,,,CVT with Xtronic,AWD,1.5L DOHC,,https://www.nucarnh.com/inventory/new-2026-nissan-rogue-dark-armor-awd-4d-sport-utility-5n1bt3bb6tc874674/,
5XYP6DGC1RG540565,N4600126A,2024,Kia,Telluride,S,Used,32619,0,43056,,,8-Speed Automatic,AWD,3.8L V6 DOHC,,https://www.nucarnh.com/inventory/used-2024-kia-telluride-s-awd-4d-sport-utility-5xyp6dgc1rg540565/,
1GNEVJKW6PJ329540,N6100611A,2023,Chevrolet,Traverse,RS,Used,32758,0,40338,,,9-Speed Automatic,AWD,3.6L V6 SIDI VVT,,https://www.nucarnh.com/inventory/used-2023-chevrolet-traverse-rs-awd-4d-sport-utility-1gnevjkw6pj329540/,
1FTEX1EP7PKD98562,N5000025A,2023,Ford,F-150,XL,Used,32828,0,31148,,,10-Speed Automatic,4WD,2.7L V6 EcoBoost,,https://www.nucarnh.com/inventory/used-2023-ford-f-150-xl-4wd-super-cab-1ftex1ep7pkd98562/,
5N1BT3BB4TC849725,N4700014,2026,Nissan,Rogue,Dark Armor,New,33005,38515,8,,,CVT with Xtronic,AWD,1.5L DOHC,,https://www.nucarnh.com/inventory/new-2026-nissan-rogue-dark-armor-awd-4d-sport-utility-5n1bt3bb4tc849725/,
KNDPUDDG0V7434693,N4600086,2027,Kia,Sportage Hybrid,S,New,33136,34385,6,,,6-Speed Automatic,AWD,1.6L Turbo GDI 4-Cylinder,,https://www.nucarnh.com/inventory/new-2027-kia-sportage-hybrid-s-awd-4d-sport-utility-kndpuddg0v7434693/,
2T3P1RFV2SW531072,H6778P,2025,Toyota,RAV4,XLE,Used,33213,0,25020,,,8-Speed Automatic,AWD,2.5L 4-Cylinder DOHC Dual VVT-i,,https://www.nucarnh.com/inventory/used-2025-toyota-rav4-xle-awd-4d-sport-utility-2t3p1rfv2sw531072/,
1C6SRFFT5LN212412,N6100250D,2020,Ram,1500,Big Horn/Lone Star,Used,33229,0,22017,,,8-Speed Automatic,4WD,HEMI 5.7L V8 Multi Displacement VVT,,https://www.nucarnh.com/inventory/used-2020-ram-1500-big-hornlone-star-4wd-4d-crew-cab-1c6srfft5ln212412/,
1C6SRFBT2RN126019,N4900097A,2024,Ram,1500,Big Horn/Lone Star,Used,33249,0,46168,,,8-Speed Automatic,4WD,HEMI 5.7L V8 Multi Displacement VVT eTorque,,https://www.nucarnh.com/inventory/used-2024-ram-1500-big-hornlone-star-4wd-4d-quad-cab-1c6srfbt2rn126019/,
7YAPBDDG1VY007242,N4600106,2027,Kia,Sportage Hybrid,S,New,33303,34585,6,,,6-Speed Automatic,AWD,1.6L Turbo GDI 4-Cylinder,,https://www.nucarnh.com/inventory/new-2027-kia-sportage-hybrid-s-awd-4d-sport-utility-7yapbddg1vy007242/,
5XYRLDJC3TG477986,N4600017,2026,Kia,Sorento,S,New,33534,39545,6,,,8-Speed Automatic,AWD,2.5L I4 DGI DOHC 16V LEV3-SULEV30 191hp,,https://www.nucarnh.com/inventory/new-2026-kia-sorento-s-awd-4d-sport-utility-5xyrldjc3tg477986/,
5XYRLDJC6TG481143,N4600030,2026,Kia,Sorento,S,New,33569,39580,6,,,8-Speed Automatic,AWD,2.5L I4 DGI DOHC 16V LEV3-SULEV30 191hp,,https://www.nucarnh.com/inventory/new-2026-kia-sorento-s-awd-4d-sport-utility-5xyrldjc6tg481143/,
1C6SRFLT0MN762350,N5000045A,2021,Ram,1500,Rebel,Used,33679,0,81975,,,8-Speed Automatic,4WD,HEMI 5.7L V8 Multi Displacement VVT,,https://www.nucarnh.com/inventory/used-2021-ram-1500-rebel-4wd-4d-crew-cab-1c6srflt0mn762350/,
5XYRLDJC2TG475050,KT26260,2026,Kia,Sorento,S,New,33729,39740,6,,,8-Speed Automatic,AWD,2.5L I4 DGI DOHC 16V LEV3-SULEV30 191hp,,https://www.nucarnh.com/inventory/new-2026-kia-sorento-s-awd-4d-sport-utility-5xyrldjc2tg475050/,
3VVMR7RM1TM143399,N4800018,2026,Volkswagen,Tiguan,SE,New,33948,38897,6,,,8-Speed Automatic,AWD,2.0L TSI DOHC,,https://www.nucarnh.com/inventory/new-2026-volkswagen-tiguan-se-awd-4d-sport-utility-3vvmr7rm1tm143399/,
3VVMR7RM4TM128069,N4800013,2026,Volkswagen,Tiguan,SE,New,33948,38897,8,,,8-Speed Automatic,AWD,2.0L TSI DOHC,,https://www.nucarnh.com/inventory/new-2026-volkswagen-tiguan-se-awd-4d-sport-utility-3vvmr7rm4tm128069/,
KNDPVDDG7V7443629,N4600095,2027,Kia,Sportage Hybrid,EX,New,34120,35385,200,,,6-Speed Automatic,AWD,1.6L Turbo GDI 4-Cylinder,,https://www.nucarnh.com/inventory/new-2027-kia-sportage-hybrid-ex-awd-4d-sport-utility-kndpvddg7v7443629/,
5XYRLDJC9TG453644,KT26202,2026,Kia,Sorento,S,New,34304,40315,10,,,8-Speed Automatic,AWD,2.5L I4 DGI DOHC 16V LEV3-SULEV30 191hp,,https://www.nucarnh.com/inventory/new-2026-kia-sorento-s-awd-4d-sport-utility-5xyrldjc9tg453644/,
3FMCR9GN0TRE07017,FT26038,2026,Ford,Bronco Sport,Heritage,New,34316,39410,6,,,8-Speed Automatic,4WD,1.5L EcoBoost,,https://www.nucarnh.com/inventory/new-2026-ford-bronco-sport-heritage-4wd-4d-sport-utility-3fmcr9gn0tre07017/,
3C4PJMB2XTT217208,CT26197,2026,Jeep,Cherokee,Laredo,New,34495,39995,15,,,CVT,4WD,1.6L I4,,https://www.nucarnh.com/inventory/new-2026-jeep-cherokee-laredo-4wd-4d-sport-utility-3c4pjmb2xtt217208/,
3C4NJDCN2TT274700,N4900038,2026,Jeep,Compass,Limited,New,34546,38445,13,,,8-Speed Automatic,4WD,2.0L I4 DOHC,,https://www.nucarnh.com/inventory/new-2026-jeep-compass-limited-4wd-4d-sport-utility-3c4njdcn2tt274700/,
1FTFW1ED7PFB98612,U5400011,2023,Ford,F-150,XLT,Used,34896,0,46715,,,10-Speed Automatic,4WD,3.5L PowerBoost Full-Hybrid V6,,https://www.nucarnh.com/inventory/used-2023-ford-f-150-xlt-4wd-4d-supercrew-1ftfw1ed7pfb98612/,
1GCPYFEL8MZ221327,U0900322,2021,Chevrolet,Silverado 1500,LT Trail Boss,Used,34928,0,67817,,,10-Speed Automatic,4WD,EcoTec3 6.2L V8,,https://www.nucarnh.com/inventory/used-2021-chevrolet-silverado-1500-lt-trail-boss-4wd-4d-crew-cab-1gcpyfel8mz221327/,
3C4PJMB23TT226803,CT26205,2026,Jeep,Cherokee,Laredo,New,35090,40590,20,,,CVT,4WD,1.6L I4,,https://www.nucarnh.com/inventory/new-2026-jeep-cherokee-laredo-4wd-4d-sport-utility-3c4pjmb23tt226803/,
3C4PJMB21TT226802,CT26225,2026,Jeep,Cherokee,Laredo,New,35090,40590,15,,,CVT,4WD,1.6L I4,,https://www.nucarnh.com/inventory/new-2026-jeep-cherokee-laredo-4wd-4d-sport-utility-3c4pjmb21tt226802/,
5XYRLDJC7TG479207,N4600003,2026,Kia,Sorento,S,New,35209,41220,6,,,8-Speed Automatic,AWD,2.5L I4 DGI DOHC 16V LEV3-SULEV30 191hp,,https://www.nucarnh.com/inventory/new-2026-kia-sorento-s-awd-4d-sport-utility-5xyrldjc7tg479207/,
5XYRLDJC0TG476973,KT26243,2026,Kia,Sorento,S,New,35209,41220,13,,,8-Speed Automatic,AWD,2.5L I4 DGI DOHC 16V LEV3-SULEV30 191hp,,https://www.nucarnh.com/inventory/new-2026-kia-sorento-s-awd-4d-sport-utility-5xyrldjc0tg476973/,
5XYRHDJF6TG406759,KT26038,2026,Kia,Sorento,EX,New,35719,41730,6,,,8 Speed Dual Clutch,AWD,2.5L I4 DGI Turbocharged DOHC 16V LEV3-SULEV30 281hp,,https://www.nucarnh.com/inventory/new-2026-kia-sorento-ex-awd-4d-sport-utility-5xyrhdjf6tg406759/,
JN8BT3DD7TW491980,N4700159,2026,Nissan,Rogue,Platinum,New,35724,42555,20,,,CVT with Xtronic,AWD,1.5L DOHC,,https://www.nucarnh.com/inventory/new-2026-nissan-rogue-platinum-awd-4d-sport-utility-jn8bt3dd7tw491980/,
JN8BT3DD2TW492812,N4700161,2026,Nissan,Rogue,Platinum,New,35724,42555,6,,,CVT with Xtronic,AWD,1.5L DOHC,,https://www.nucarnh.com/inventory/new-2026-nissan-rogue-platinum-awd-4d-sport-utility-jn8bt3dd2tw492812/,
5XYRHDJF1TG413490,KT26053,2026,Kia,Sorento,EX,New,35814,41825,6,,,8 Speed Dual Clutch,AWD,2.5L I4 DGI Turbocharged DOHC 16V LEV3-SULEV30 281hp,,https://www.nucarnh.com/inventory/new-2026-kia-sorento-ex-awd-4d-sport-utility-5xyrhdjf1tg413490/,
KNDPVDDG2V7450598,N4600119,2027,Kia,Sportage Hybrid,EX,New,35826,37275,6,,,6-Speed Automatic,AWD,1.6L Turbo GDI 4-Cylinder,,https://www.nucarnh.com/inventory/new-2027-kia-sportage-hybrid-ex-awd-4d-sport-utility-kndpvddg2v7450598/,
3MW23CM02S8F19908,N6100644A,2025,BMW,2 Series,230i,Used,35863,0,10660,,,8-Speed Automatic Sport,RWD,2.0L I4 16V TwinPower Turbo,,https://www.nucarnh.com/inventory/used-2025-bmw-2-series-230i-rwd-2d-coupe-3mw23cm02s8f19908/,
5XYK6CDF4TG464138,N4600043,2026,Kia,Sportage,X-Line,New,35876,40420,6,,,8-Speed Automatic,AWD,I4,,https://www.nucarnh.com/inventory/new-2026-kia-sportage-x-line-awd-4d-sport-utility-5xyk6cdf4tg464138/,
3FMCR9GN4TRE08896,SFT26142,2026,Ford,Bronco Sport,Heritage,New,35958,40415,123,,,8-Speed Automatic,4WD,1.5L EcoBoost,,https://www.nucarnh.com/inventory/new-2026-ford-bronco-sport-heritage-4wd-4d-sport-utility-3fmcr9gn4tre08896/,
JN8BT3DD3TW014706,N4700164,2026,Nissan,Rogue,Platinum,New,36384,43125,6,,,CVT with Xtronic,AWD,1.5L DOHC,,https://www.nucarnh.com/inventory/new-2026-nissan-rogue-platinum-awd-4d-sport-utility-jn8bt3dd3tw014706/,
5XYK5CDF6TG453855,KT26259,2026,Kia,Sportage,SX-Prestige,New,36762,40630,6,,,8-Speed Automatic,AWD,I4,,https://www.nucarnh.com/inventory/new-2026-kia-sportage-sx-prestige-awd-4d-sport-utility-5xyk5cdf6tg453855/,
1C4PJXFN2RW104863,PUN846,2024,Jeep,Wrangler,Rubicon,Used,36979,0,41744,,,8-Speed Automatic,4WD,2.0L I4 DOHC,,https://www.nucarnh.com/inventory/used-2024-jeep-wrangler-rubicon-4wd-4d-sport-utility-1c4pjxfn2rw104863/,
KNDRHDJG0T5495214,SKT26253,2026,Kia,Sorento Hybrid,EX,New,37230,42580,220,,,6-Speed Automatic,AWD,1.6L Turbo GDI 4-Cylinder,,https://www.nucarnh.com/inventory/new-2026-kia-sorento-hybrid-ex-awd-4d-sport-utility-kndrhdjg0t5495214/,
KNDRHDJG1T5557347,N4600133,2026,Kia,Sorento Hybrid,EX,New,37265,42615,6,,,6-Speed Automatic,AWD,1.6L Turbo GDI 4-Cylinder,,https://www.nucarnh.com/inventory/new-2026-kia-sorento-hybrid-ex-awd-4d-sport-utility-kndrhdjg1t5557347/,
1FTFW1ED9PFB15102,N5000048A,2023,Ford,F-150,Lariat,Used,37837,0,88220,,,10-Speed Automatic,4WD,3.5L PowerBoost Full-Hybrid V6,,https://www.nucarnh.com/inventory/used-2023-ford-f-150-lariat-4wd-4d-supercrew-1ftfw1ed9pfb15102/,
1FTER4PH2TLE20246,N2000545,2026,Ford,Ranger,XL,New,37839,41100,3,,,10-Speed Automatic,4WD,EcoBoost 2.3L I4 GTDi DOHC Turbocharged VCT,,https://www.nucarnh.com/inventory/new-2026-ford-ranger-xl-4wd-4d-crew-cab-1fter4ph2tle20246/,
1C6JJTBG5PL511104,N5000009C,2023,Jeep,Gladiator,Rubicon,Used,37857,0,20791,,,6-Speed Manual,4WD,3.6L V6 24V VVT,,https://www.nucarnh.com/inventory/used-2023-jeep-gladiator-rubicon-4wd-4d-crew-cab-1c6jjtbg5pl511104/,
3C4NJDDNXTT190168,N6100127,2026,Jeep,Compass,Trailhawk,New,,37910,0,,,8-Speed Automatic 8F30 Transmission,4x4,2.0L I4 DOHC DI TURBO ENG W/ESS-Make,,https://www.nucarnh.com/inventory/new-2026-jeep-compass-trailhawk-4x4-sport-utility-3c4njddnxtt190168/,
1V2LN2CA7TC580170,VT26098,2026,Volkswagen,Atlas,SE,New,38103,44259,7,,,8-Speed Automatic with Tiptronic,AWD,2.0L TSI,,https://www.nucarnh.com/inventory/new-2026-volkswagen-atlas-se-awd-4d-sport-utility-1v2ln2ca7tc580170/,
4T1DBADK4TU562005,N4700020A,2026,Toyota,Camry,XLE,Used,38477,0,2878,,,eCVT,AWD,2.5L 4-Cylinder 16V DOHC,,https://www.nucarnh.com/inventory/used-2026-toyota-camry-xle-awd-4d-sedan-4t1dbadk4tu562005/,
5TDKDRBH2PS044190,U5000353,2023,Toyota,Highlander,XLE,Used,38484,0,33028,,,8-Speed Automatic,AWD,2.4L I4 PDI Turbocharged DOHC 16V LEV3-SULEV30 265hp,,https://www.nucarnh.com/inventory/used-2023-toyota-highlander-xle-awd-4d-sport-utility-5tdkdrbh2ps044190/,
1V2LN2CA6TC590687,N4800026,2026,Volkswagen,Atlas,SE,New,38540,44714,6,,,8-Speed Automatic with Tiptronic,AWD,2.0L TSI,,https://www.nucarnh.com/inventory/new-2026-volkswagen-atlas-se-awd-4d-sport-utility-1v2ln2ca6tc590687/,
1GT12UEY0JF128838,N5000044A,2018,GMC,Sierra 2500HD,Denali,Used,38685,0,118979,,,Allison 1000 6-Speed Automatic,4WD,Duramax 6.6L V8 Turbodiesel,,https://www.nucarnh.com/inventory/used-2018-gmc-sierra-2500hd-denali-4wd-4d-crew-cab-1gt12uey0jf128838/,
1C6JJTEG8RL130247,N2000641A,2024,Jeep,Gladiator,Mojave,Used,38996,0,20967,,,8-Speed Automatic,4WD,3.6L V6 24V VVT,,https://www.nucarnh.com/inventory/used-2024-jeep-gladiator-mojave-4wd-4d-crew-cab-1c6jjteg8rl130247/,
5XYRHDJF2TG489753,N4600109,2026,Kia,Sorento,X-Line EX,New,39034,45045,8,,,8 Speed Dual Clutch,AWD,2.5L I4 DGI Turbocharged DOHC 16V LEV3-SULEV30 281hp,,https://www.nucarnh.com/inventory/new-2026-kia-sorento-x-line-ex-awd-4d-sport-utility-5xyrhdjf2tg489753/,
1C6PJTAG9TL170795,CT26154,2026,Jeep,Gladiator,Sport S,New,39302,46410,6,,,8-Speed Automatic,4WD,3.6L V6 24V VVT,,https://www.nucarnh.com/inventory/new-2026-jeep-gladiator-sport-s-4wd-4d-crew-cab-1c6pjtag9tl170795/,
1C4PJXAN0TW222313,CT26115,2026,Jeep,Wrangler,Sport S,New,39401,45330,6,,,8-Speed Automatic,4WD,2.0L I4 DOHC,,https://www.nucarnh.com/inventory/new-2026-jeep-wrangler-sport-s-4wd-2d-sport-utility-1c4pjxan0tw222313/,
5XYP5DGC6RG444370,U5000352,2024,Kia,Telluride,SX-Prestige X-Line,Certified Used,39821,0,40067,,,8-Speed Automatic,AWD,3.8L V6 DOHC,,https://www.nucarnh.com/inventory/certified-used-2024-kia-telluride-sx-prestige-x-line-awd-4d-sport-utility-5xyp5dgc6rg444370/,
3TMLB5JN8SM139937,U2200396,2025,Toyota,Tacoma,TRD Off-Road,Used,39917,0,6533,,,8-Speed Automatic,4WD,2.4L 4-Cylinder,,https://www.nucarnh.com/inventory/used-2025-toyota-tacoma-trd-off-road-4wd-4d-double-cab-3tmlb5jn8sm139937/,
1C4PJXAG3TW323122,N4900010,2026,Jeep,Wrangler,Sport S,New,40186,44395,819,,,6-Speed Manual,4WD,3.6L V6 24V VVT,,https://www.nucarnh.com/inventory/new-2026-jeep-wrangler-sport-s-4wd-2d-sport-utility-1c4pjxag3tw323122/,
KNDNB5K33V6660459,N4600085,2027,Kia,Carnival,LXS,New,40314,41785,6,,,8-Speed Automatic,FWD,V6,,https://www.nucarnh.com/inventory/new-2027-kia-carnival-lxs-fwd-4d-passenger-van-kndnb5k33v6660459/,
1C4PJXAN2TW201687,CT26090,2026,Jeep,Wrangler,Sport S,New,40784,48150,6,,,8-Speed Automatic,4WD,2.0L I4 DOHC,,https://www.nucarnh.com/inventory/new-2026-jeep-wrangler-sport-s-4wd-2d-sport-utility-1c4pjxan2tw201687/,
1C6PJTAG7TL170794,CT26156,2026,Jeep,Gladiator,Sport S,New,40802,46410,6,,,8-Speed Automatic,4WD,3.6L V6 24V VVT,,https://www.nucarnh.com/inventory/new-2026-jeep-gladiator-sport-s-4wd-4d-crew-cab-1c6pjtag7tl170794/,
1C4PJXAN2TW222314,CT26122,2026,Jeep,Wrangler,Sport S,New,40869,45330,31,,,8-Speed Automatic,4WD,2.0L I4 DOHC,,https://www.nucarnh.com/inventory/new-2026-jeep-wrangler-sport-s-4wd-2d-sport-utility-1c4pjxan2tw222314/,
5N1DR3CE2TC285735,N4700103,2026,Nissan,Pathfinder,SL,New,41087,47250,8,,,9-Speed Automatic,4WD,3.5L V6 DOHC,,https://www.nucarnh.com/inventory/new-2026-nissan-pathfinder-sl-4wd-4d-sport-utility-5n1dr3ce2tc285735/,
1GYKNGRS7RZ723323,N4600057A,2024,Cadillac,XT5,Sport,Used,41337,0,12153,,,9-Speed Automatic,AWD,3.6L V6 DI VVT,,https://www.nucarnh.com/inventory/used-2024-cadillac-xt5-sport-awd-4d-sport-utility-1gykngrs7rz723323/,
1V2HN2CA9TC591970,N4800015,2026,Volkswagen,Atlas,SE w/Technology,New,41343,48520,9,,,8-Speed Automatic with Tiptronic,AWD,2.0L TSI,,https://www.nucarnh.com/inventory/new-2026-volkswagen-atlas-se-wtechnology-awd-4d-sport-utility-1v2hn2ca9tc591970/,
1V2HN2CA3TC592158,N4800021,2026,Volkswagen,Atlas,SE w/Technology,New,41343,48520,8,,,8-Speed Automatic with Tiptronic,AWD,2.0L TSI,,https://www.nucarnh.com/inventory/new-2026-volkswagen-atlas-se-wtechnology-awd-4d-sport-utility-1v2hn2ca3tc592158/,
1C4RJKAR9T8561994,SCT26247,2026,Jeep,Grand Cherokee L,Altitude,New,41746,52165,25,,,8-Speed Automatic,4WD,2.0L Hurricane 4 Turbo with ESS,,https://www.nucarnh.com/inventory/new-2026-jeep-grand-cherokee-l-altitude-4wd-4d-sport-utility-1c4rjkar9t8561994/,
1FTEX1RG7JFC68551,SFT26136A,2018,Ford,F-150,Raptor,Used,41828,0,33048,,,10-Speed Automatic,4WD,3.5L V6 EcoBoost,,https://www.nucarnh.com/inventory/used-2018-ford-f-150-raptor-4wd-super-cab-1ftex1rg7jfc68551/,
5N1AZ3CS5TC132002,N4700019,2026,Nissan,Murano,SL,New,41853,50925,8,,,9-Speed Automatic,AWD,I4,,https://www.nucarnh.com/inventory/new-2026-nissan-murano-sl-awd-4d-sport-utility-5n1az3cs5tc132002/,
1C6PJTAG9TL153737,CT26082,2026,Jeep,Gladiator,Sport S,New,41941,49530,20,,,8-Speed Automatic,4WD,3.6L V6 24V VVT,,https://www.nucarnh.com/inventory/new-2026-jeep-gladiator-sport-s-4wd-4d-crew-cab-1c6pjtag9tl153737/,
1C4RJKAR3T8582016,CT26251,2026,Jeep,Grand Cherokee L,Altitude,New,41999,52445,22,,,8-Speed Automatic,4WD,2.0L Hurricane 4 Turbo with ESS,,https://www.nucarnh.com/inventory/new-2026-jeep-grand-cherokee-l-altitude-4wd-4d-sport-utility-1c4rjkar3t8582016/,
5N1AZ3CS5TC132324,N4700034,2026,Nissan,Murano,SL,New,42169,51355,8,,,9-Speed Automatic,AWD,I4,,https://www.nucarnh.com/inventory/new-2026-nissan-murano-sl-awd-4d-sport-utility-5n1az3cs5tc132324/,
5XYRKDJF1TG486974,N4600065,2026,Kia,Sorento,X-Line SX Prestige,New,42209,48220,6,,,8 Speed Dual Clutch,AWD,2.5L I4 DGI Turbocharged DOHC 16V LEV3-SULEV30 281hp,,https://www.nucarnh.com/inventory/new-2026-kia-sorento-x-line-sx-prestige-awd-4d-sport-utility-5xyrkdjf1tg486974/,
3FMCR9CN1TRE56801,SFT26140,2026,Ford,Bronco Sport,Outer Banks,New,42272,45680,30,,,8-Speed Automatic,4WD,1.5L EcoBoost,,https://www.nucarnh.com/inventory/new-2026-ford-bronco-sport-outer-banks-4wd-4d-sport-utility-3fmcr9cn1tre56801/,
5TDYRKEC0SS230581,U0301037,2025,Toyota,Sienna,XLE,Used,42584,0,48915,,,CVT,FWD,2.5L I4 Hybrid w/VVT-iE DOHC 16V,,https://www.nucarnh.com/inventory/used-2025-toyota-sienna-xle-fwd-4d-passenger-van-5tdyrkec0ss230581/,
1FTER4HH4TLE27228,N2000690,2026,Ford,Ranger,XLT,New,42726,46735,14,,,10-Speed Automatic,4WD,EcoBoost 2.3L I4 GTDi DOHC Turbocharged VCT,,https://www.nucarnh.com/inventory/new-2026-ford-ranger-xlt-4wd-4d-crew-cab-1fter4hh4tle27228/,
1FMJU1J87REB16732,N5400271A,2024,Ford,Expedition,XLT,Used,43444,0,48033,,,10-Speed Automatic,4WD,EcoBoost 3.5L V6 GTDi DOHC 24V Twin Turbocharged,,https://www.nucarnh.com/inventory/used-2024-ford-expedition-xlt-4wd-4d-sport-utility-1fmju1j87reb16732/,
1FMWK8HC2SGA29040,U5201440,2025,Ford,Explorer,Platinum,Used,43569,0,36511,,,10-Speed Automatic,4WD,3.0L EcoBoost V6,,https://www.nucarnh.com/inventory/used-2025-ford-explorer-platinum-4wd-4d-sport-utility-1fmwk8hc2sga29040/,
W1KAF4HB6TR323023,U1300464,2026,Mercedes-Benz,C-Class,C 300,Used,43777,0,962,,,9-Speed Automatic,4MATIC®,2.0L I4 Turbocharged,,https://www.nucarnh.com/inventory/used-2026-mercedes-benz-c-class-c-300-4matic%c2%ae-4d-sedan-w1kaf4hb6tr323023/,
5N1AZ3DS8TC131022,N4700029,2026,Nissan,Murano,Platinum,New,43892,53060,8,,,9-Speed Automatic,AWD,I4,,https://www.nucarnh.com/inventory/new-2026-nissan-murano-platinum-awd-4d-sport-utility-5n1az3ds8tc131022/,
1FTFW3L52SKE62326,U5000328,2025,Ford,F-150,XLT,Used,43894,0,28109,,,10-Speed Automatic,4WD,5.0L V8,,https://www.nucarnh.com/inventory/used-2025-ford-f-150-xlt-4wd-4d-supercrew-1ftfw3l52ske62326/,
1C4RDJDG3TC312261,N4900023,2026,Dodge,Durango,GT Plus,New,43983,50185,487,,,8-Speed Automatic,AWD,3.6L V6 24V VVT,,https://www.nucarnh.com/inventory/new-2026-dodge-durango-gt-plus-awd-4d-sport-utility-1c4rdjdg3tc312261/,
KNDNC5K36V6669444,N4600129,2027,Kia,Carnival,EX,New,44185,44935,6,,,8-Speed Automatic,FWD,V6,,https://www.nucarnh.com/inventory/new-2027-kia-carnival-ex-fwd-4d-passenger-van-kndnc5k36v6669444/,
1C6PJTAG0TL185055,CT26224,2026,Jeep,Gladiator,85th Anniversary Edition,New,44885,51295,6,,,8-Speed Automatic,4WD,3.6L V6 24V VVT,,https://www.nucarnh.com/inventory/new-2026-jeep-gladiator-85th-anniversary-edition-4wd-4d-crew-cab-1c6pjtag0tl185055/,
1C6PJTAG9TL185054,CT26223,2026,Jeep,Gladiator,85th Anniversary Edition,New,44885,51295,6,,,8-Speed Automatic,4WD,3.6L V6 24V VVT,,https://www.nucarnh.com/inventory/new-2026-jeep-gladiator-85th-anniversary-edition-4wd-4d-crew-cab-1c6pjtag9tl185054/,
1C4PJXDG5TW336255,N4900032,2026,Jeep,Wrangler,Willys,New,45153,52750,6,,,8-Speed Automatic,4WD,3.6L V6 24V VVT,,https://www.nucarnh.com/inventory/new-2026-jeep-wrangler-willys-4wd-4d-sport-utility-1c4pjxdg5tw336255/,
KNDNC5KA5V6206242,N4600088,2027,Kia,Carnival Hybrid,EX,New,45193,46680,6,,,6-Speed Automatic,FWD,1.6L I4 DGI Hybrid Turbocharged DOHC 16V LEV3-SULEV30,,https://www.nucarnh.com/inventory/new-2027-kia-carnival-hybrid-ex-fwd-4d-passenger-van-kndnc5ka5v6206242/,
1C4PJXDG2TW282087,N4900011,2026,Jeep,Wrangler,85th Anniversary Edition,New,45396,53030,11,,,8-Speed Automatic,4WD,3.6L V6 24V VVT,,https://www.nucarnh.com/inventory/new-2026-jeep-wrangler-85th-anniversary-edition-4wd-4d-sport-utility-1c4pjxdg2tw282087/,
1C4RDJDG5TC312262,N4900045,2026,Dodge,Durango,GT Plus,New,46001,50780,9,,,8-Speed Automatic,AWD,3.6L V6 24V VVT,,https://www.nucarnh.com/inventory/new-2026-dodge-durango-gt-plus-awd-4d-sport-utility-1c4rdjdg5tc312262/,
3C4PJMC22TT210980,N6100270,2026,Jeep,Cherokee,,New,,46215,0,,,Electronic Variable Transmission (EVT),4x4,1.6L I4 Turbo Hybrid,,https://www.nucarnh.com/inventory/new-2026-jeep-cherokee-4x4-sport-utility-3c4pjmc22tt210980/,
5TDADAB53RS002584,N4600123A,2024,Toyota,Grand Highlander Hybrid,MAX Limited,Used,46223,0,62574,,,6-Speed Automatic,AWD,2.4L 4-Cylinder VVT-i,,https://www.nucarnh.com/inventory/used-2024-toyota-grand-highlander-hybrid-max-limited-awd-4d-sport-utility-5tdadab53rs002584/,
1C4PJXDG8TW332247,N4900017,2026,Jeep,Wrangler,85th Anniversary Edition,New,46280,54045,14,,,8-Speed Automatic,4WD,3.6L V6 24V VVT,,https://www.nucarnh.com/inventory/new-2026-jeep-wrangler-85th-anniversary-edition-4wd-4d-sport-utility-1c4pjxdg8tw332247/,
1C6RJTEGXTL193697,N4900051,2026,Jeep,Gladiator,Mojave,New,46493,56030,11,,,8-Speed Automatic,4WD,3.6L V6 24V VVT,,https://www.nucarnh.com/inventory/new-2026-jeep-gladiator-mojave-4wd-4d-crew-cab-1c6rjtegxtl193697/,
1C6RJTEG1TL193698,N4900035,2026,Jeep,Gladiator,Mojave,New,46493,56030,11,,,8-Speed Automatic,4WD,3.6L V6 24V VVT,,https://www.nucarnh.com/inventory/new-2026-jeep-gladiator-mojave-4wd-4d-crew-cab-1c6rjteg1tl193698/,
1GCUKEED0TZ124113,UN524,2026,Chevrolet,Silverado 1500,RST,Used,46538,0,15088,,,10-Speed Automatic,4WD,EcoTec3 5.3L V8,,https://www.nucarnh.com/inventory/used-2026-chevrolet-silverado-1500-rst-4wd-4d-crew-cab-1gcukeed0tz124113/,
1GCUKEED0SZ166523,U5000301,2025,Chevrolet,Silverado 1500,RST,Used,46646,0,19262,,,10-Speed Automatic,4WD,EcoTec3 5.3L V8,,https://www.nucarnh.com/inventory/used-2025-chevrolet-silverado-1500-rst-4wd-4d-crew-cab-1gcukeed0sz166523/,
1V2AC2CA4TC233845,N2400334,2026,Volkswagen,Atlas Cross Sport,SEL R-Line Black,New,47551,53688,6,,,8-Speed Automatic with Tiptronic,AWD,2.0L TSI,,https://www.nucarnh.com/inventory/new-2026-volkswagen-atlas-cross-sport-sel-r-line-black-awd-4d-sport-utility-1v2ac2ca4tc233845/,
1C6RJTEG8TL193701,N4900036,2026,Jeep,Gladiator,Mojave,New,47571,57430,10,,,8-Speed Automatic,4WD,3.6L V6 24V VVT,,https://www.nucarnh.com/inventory/new-2026-jeep-gladiator-mojave-4wd-4d-crew-cab-1c6rjteg8tl193701/,
3C6SRFFP2T4153669,CT26078,2026,Ram,1500,Big Horn/Lone Star,New,47725,62365,6,,,8-Speed Automatic,4WD,3.0L I6,,https://www.nucarnh.com/inventory/new-2026-ram-1500-big-hornlone-star-4wd-4d-crew-cab-3c6srffp2t4153669/,
1GNSKCKD1RR242901,U5000332,2024,Chevrolet,Suburban,LT,Used,47744,0,59416,,,10-Speed Automatic with Overdrive,4WD,EcoTec3 5.3L V8,,https://www.nucarnh.com/inventory/used-2024-chevrolet-suburban-lt-4wd-4d-sport-utility-1gnskckd1rr242901/,
1FMEE8BP0SLA82728,N4700024A,2025,Ford,Bronco,Outer Banks,Used,47758,0,28434,,,10-Speed Automatic,4WD,2.7L EcoBoost V6,,https://www.nucarnh.com/inventory/used-2025-ford-bronco-outer-banks-4wd-4d-sport-utility-1fmee8bp0sla82728/,
1C6SRFFPXTN237082,CT26119,2026,Ram,1500,Big Horn/Lone Star,New,48015,62720,6,,,8-Speed Automatic,4WD,3.0L I6,,https://www.nucarnh.com/inventory/new-2026-ram-1500-big-hornlone-star-4wd-4d-crew-cab-1c6srffpxtn237082/,
1C6RJTEG6TL193700,N4900053,2026,Jeep,Gladiator,Mojave,New,48030,58025,10,,,8-Speed Automatic,4WD,3.6L V6 24V VVT,,https://www.nucarnh.com/inventory/new-2026-jeep-gladiator-mojave-4wd-4d-crew-cab-1c6rjteg6tl193700/,
1C6SRFFT1TN300258,CT26153,2026,Ram,1500,Big Horn/Lone Star,New,48046,62760,12,,,8-Speed Automatic,4WD,HEMI 5.7L V8 Multi Displacement VVT eTorque,,https://www.nucarnh.com/inventory/new-2026-ram-1500-big-hornlone-star-4wd-4d-crew-cab-1c6srfft1tn300258/,
1C4PJXEG8TW318007,N4900012,2026,Jeep,Wrangler,Sahara,New,48335,57740,407,,,8-Speed Automatic,4WD,3.6L V6 24V VVT,,https://www.nucarnh.com/inventory/new-2026-jeep-wrangler-sahara-4wd-4d-sport-utility-1c4pjxeg8tw318007/,
2C4RC3BG8VR625057,,2027,Chrysler,Pacifica,,New,,48860,0,,,9-Spd 948TE Auto Trans,AWD,3.6L V6 24V VVT Engine Upg I w/ESS,,https://www.nucarnh.com/inventory/new-2027-chrysler-pacifica-awd-passenger-van-2c4rc3bg8vr625057/,
1C4RJHAG6VC583176,,2027,Jeep,Grand Cherokee,Laredo X,New,,49030,0,,,8-Spd Auto 850RE Trans (Make),4x4,3.6L V6 24V VVT Engine Upg I w/ESS,,https://www.nucarnh.com/inventory/new-2027-jeep-grand-cherokee-laredo-x-4x4-sport-utility-1c4rjhag6vc583176/,
1C4RJHAG6VC576938,,2027,Jeep,Grand Cherokee,Laredo X,New,,49030,0,,,8-Spd Auto 850RE Trans (Make),4x4,3.6L V6 24V VVT Engine Upg I w/ESS,,https://www.nucarnh.com/inventory/new-2027-jeep-grand-cherokee-laredo-x-4x4-sport-utility-1c4rjhag6vc576938/,
3GTUUGED5RG107774,N2000593A,2024,GMC,Sierra 1500,Denali,Used,49288,0,50161,,,10-Speed Automatic,4WD,EcoTec3 5.3L V8,,https://www.nucarnh.com/inventory/used-2024-gmc-sierra-1500-denali-4wd-4d-crew-cab-3gtuuged5rg107774/,
1C4RJKBRXT8585977,N4900055,2026,Jeep,Grand Cherokee L,,New,49365,55405,30,,,8-Speed Automatic,4WD,2.0L Hurricane 4 Turbo with ESS,,https://www.nucarnh.com/inventory/new-2026-jeep-grand-cherokee-l-4wd-4d-sport-utility-1c4rjkbrxt8585977/,
1C4RJKAG2V8175726,,2027,Jeep,Grand Cherokee L,Laredo X,New,,49440,0,,,8-Spd Auto 850RE Trans (Make),4x4,3.6L V6 24V VVT Engine Upg I w/ESS,,https://www.nucarnh.com/inventory/new-2027-jeep-grand-cherokee-l-laredo-x-4x4-sport-utility-1c4rjkag2v8175726/,
1FTBF2BAXTEF59457,N5000035,2026,Ford,F-250SD,XL,New,49677,56930,6,,,10-Speed Automatic,4WD,6.8L V8,,https://www.nucarnh.com/inventory/new-2026-ford-f-250sd-xl-4wd-2d-standard-cab-1ftbf2baxtef59457/,
1C4SDJCT1VC584679,N4900134,2027,Dodge,Durango,GT PLUS,New,,49695,0,,,8-Spd Auto 8HP70 Trans (Buy),AWD,5.7L V8 HEMI MDS VVT Engine,,https://www.nucarnh.com/inventory/new-2027-dodge-durango-gt-plus-awd-sport-utility-1c4sdjct1vc584679/,
1C4RJKAG4V8175727,,2027,Jeep,Grand Cherokee L,Laredo X,New,,50035,0,,,8-Spd Auto 850RE Trans (Make),4x4,3.6L V6 24V VVT Engine Upg I w/ESS,,https://www.nucarnh.com/inventory/new-2027-jeep-grand-cherokee-l-laredo-x-4x4-sport-utility-1c4rjkag4v8175727/,
1FTBF2BA7TEF56774,N5000037,2026,Ford,F-250SD,XLT,New,50321,56385,6,,,10-Speed Automatic,4WD,6.8L V8,,https://www.nucarnh.com/inventory/new-2026-ford-f-250sd-xlt-4wd-2d-standard-cab-1ftbf2ba7tef56774/,
1FTBF2BA8TEF57383,N5000058,2026,Ford,F-250SD,XLT,New,50544,56635,6,,,10-Speed Automatic,4WD,6.8L V8,,https://www.nucarnh.com/inventory/new-2026-ford-f-250sd-xlt-4wd-2d-standard-cab-1ftbf2ba8tef57383/,
1C4RJHBR3TC194637,N6100231,2026,Jeep,Grand Cherokee,Limited,New,,50805,0,,,8-Spd Auto 880RE Trans (Make),4x4,2.0L HURRICANE 4 TURBO W/ESS,,https://www.nucarnh.com/inventory/new-2026-jeep-grand-cherokee-limited-4x4-utility-1c4rjhbr3tc194637/,
1V2FN2CA4TC590071,N4800023,2026,Volkswagen,Atlas,SEL Premium R-Line,New,50934,58018,8,,,8-Speed Automatic with Tiptronic,AWD,2.0L TSI,,https://www.nucarnh.com/inventory/new-2026-volkswagen-atlas-sel-premium-r-line-awd-4d-sport-utility-1v2fn2ca4tc590071/,
1FT7X2BA4TEF35805,N5400144,2026,Ford,F-250SD,XL,New,51013,57110,6,,,10-Speed Automatic,4WD,6.8L V8,,https://www.nucarnh.com/inventory/new-2026-ford-f-250sd-xl-4wd-4d-extended-cab-1ft7x2ba4tef35805/,
1GTUUGEL2RZ143980,U0800291,2024,GMC,Sierra 1500,Denali,Used,51896,0,40602,,,10-Speed Automatic,4WD,EcoTec3 6.2L V8,,https://www.nucarnh.com/inventory/used-2024-gmc-sierra-1500-denali-4wd-4d-crew-cab-1gtuugel2rz143980/,
1C4RJHBR1VC563823,N6100670,2027,Jeep,Grand Cherokee,Limited,New,,52365,0,,,Automatic,4x4,2.0L HURRICANE 4 TURBO W/ESS,,https://www.nucarnh.com/inventory/new-2027-jeep-grand-cherokee-limited-4x4-sport-utility-1c4rjhbr1vc563823/,
2C3CDANP2TR258810,CC26216,2026,Dodge,Charger,R/T Plus,New,52580,60875,9,,,8-Speed Automatic,AWD,3.0L I6 Turbocharged DOHC 24V LEV3-ULEV70 420hp,,https://www.nucarnh.com/inventory/new-2026-dodge-charger-rt-plus-awd-4d-sedan-2c3cdanp2tr258810/,
1FT7X2BA0TEF38930,N5000033,2026,Ford,F-250SD,XLT,New,53218,59510,8,,,10-Speed Automatic,4WD,6.8L V8,,https://www.nucarnh.com/inventory/new-2026-ford-f-250sd-xlt-4wd-4d-extended-cab-1ft7x2ba0tef38930/,
1C4RJKBR8V8175729,,2027,Jeep,Grand Cherokee L,Limited,New,,53940,0,,,8-Spd Auto 8HP80 Trans (Buy-US),4x4,2.0L HURRICANE 4 TURBO W/ESS,,https://www.nucarnh.com/inventory/new-2027-jeep-grand-cherokee-l-limited-4x4-sport-utility-1c4rjkbr8v8175729/,
1C4RJKBR8V8175732,,2027,Jeep,Grand Cherokee L,Limited,New,,53940,0,,,8-Spd Auto 8HP80 Trans (Buy-US),4x4,2.0L HURRICANE 4 TURBO W/ESS,,https://www.nucarnh.com/inventory/new-2027-jeep-grand-cherokee-l-limited-4x4-sport-utility-1c4rjkbr8v8175732/,
1C4RJKBR4V8175730,,2027,Jeep,Grand Cherokee L,Limited,New,,53940,0,,,8-Spd Auto 8HP80 Trans (Buy-US),4x4,2.0L HURRICANE 4 TURBO W/ESS,,https://www.nucarnh.com/inventory/new-2027-jeep-grand-cherokee-l-limited-4x4-sport-utility-1c4rjkbr4v8175730/,
5XYPDES10VG037041,N4600007,2027,Kia,Telluride,X-Line SX,New,54207,54850,6,,,8-Speed Automatic,AWD,2.5L I4 DGI Turbocharged DOHC 16V LEV3-SULEV30 274hp,,https://www.nucarnh.com/inventory/new-2027-kia-telluride-x-line-sx-awd-4d-sport-utility-5xypdes10vg037041/,
1C4RJKBR6V8175731,,2027,Jeep,Grand Cherokee L,Limited,New,,54535,0,,,8-Spd Auto 8HP80 Trans (Buy-US),4x4,2.0L HURRICANE 4 TURBO W/ESS,,https://www.nucarnh.com/inventory/new-2027-jeep-grand-cherokee-l-limited-4x4-sport-utility-1c4rjkbr6v8175731/,
JTEABFAJXRK010444,N4700050A,2024,Toyota,Land Cruiser,Base,Used,54944,0,42860,,,8-Speed Automatic,4WD,2.4L 4-Cylinder,,https://www.nucarnh.com/inventory/used-2024-toyota-land-cruiser-base-4wd-4d-sport-utility-jteabfajxrk010444/,
1C6RJTEG2TL180202,CT26195,2026,Jeep,Gladiator,Mojave,New,,55285,0,,,8-Speed Automatic Transmission,4x4,3.6L V6 24V VVT Engine Upg I w/ESS,,https://www.nucarnh.com/inventory/new-2026-jeep-gladiator-mojave-4x4-crew-cab-1c6rjteg2tl180202/,
1FT7W2BA5TEF59663,N5000059,2026,Ford,F-250SD,XL,New,55830,61405,6,,,10-Speed Automatic,4WD,6.8L V8,,https://www.nucarnh.com/inventory/new-2026-ford-f-250sd-xl-4wd-4d-crew-cab-1ft7w2ba5tef59663/,
1FMWK8JC9TGB09379,NL2064,2026,Ford,Explorer,Tremor,New,55841,63660,6,,,10-Speed Automatic,4WD,3.0L EcoBoost V6,,https://www.nucarnh.com/inventory/new-2026-ford-explorer-tremor-4wd-4d-sport-utility-1fmwk8jc9tgb09379/,
1C4RJKBR8V8176914,,2027,Jeep,Grand Cherokee L,Limited,New,,56945,0,,,8-Spd Auto 880RE Trans (Make),4x4,2.0L HURRICANE 4 TURBO W/ESS,,https://www.nucarnh.com/inventory/new-2027-jeep-grand-cherokee-l-limited-4x4-sport-utility-1c4rjkbr8v8176914/,
1C4RJKBRXV8176915,,2027,Jeep,Grand Cherokee L,Limited,New,,57540,0,,,8-Spd Auto 880RE Trans (Make),4x4,2.0L HURRICANE 4 TURBO W/ESS,,https://www.nucarnh.com/inventory/new-2027-jeep-grand-cherokee-l-limited-4x4-sport-utility-1c4rjkbrxv8176915/,
3C6UR5CJ8TG262333,N6100281,2026,RAM,2500,TRADESMAN,New,,59840,0,,,8-Spd Auto 8HP75-LCV Transmission,4x4,6.4L V8 HEMI HD Engine,,https://www.nucarnh.com/inventory/new-2026-ram-2500-tradesman-4x4-crew-cab-3c6ur5cj8tg262333/,
3C63R3CJ4TG262720,N6100260,2026,RAM,3500,TRADESMAN,New,,61400,0,,,8-Spd Auto 8HP75-LCV Transmission,4x4,6.4L V8 HEMI HD Engine,,https://www.nucarnh.com/inventory/new-2026-ram-3500-tradesman-4x4-crew-cab-3c63r3cj4tg262720/,
1C6SRFFT2TN319725,N6100334,2026,RAM,1500,BIG HORN,New,,61840,0,,,8-Spd Auto 8HP75 Trans,4x4,5.7L V8 HEMI MDS VVT eTorque Engine,,https://www.nucarnh.com/inventory/new-2026-ram-1500-big-horn-4x4-crew-cab-1c6srfft2tn319725/,
1C6SRFFP4TN304324,N6100435,2026,RAM,1500,BIG HORN,New,,62045,0,,,8-Spd Auto 8HP75 Trans,4x4,3.0L I6 Hurricane SO Twin Turbo ESS,,https://www.nucarnh.com/inventory/new-2026-ram-1500-big-horn-4x4-crew-cab-1c6srffp4tn304324/,
1C6SRFFT6TN209194,N6100055,2026,RAM,1500,BIG HORN,New,,62445,0,,,8-Spd Auto 8HP75 Trans,4x4,5.7L V8 HEMI MDS VVT eTorque Engine,,https://www.nucarnh.com/inventory/new-2026-ram-1500-big-horn-4x4-crew-cab-1c6srfft6tn209194/,
1C4RJHER5T8558216,SCT26244,2026,Jeep,Grand Cherokee,Summit,New,,63590,0,,,8-Spd Auto 880RE Trans (Make),4x4,2.0L HURRICANE 4 TURBO W/ESS,,https://www.nucarnh.com/inventory/new-2026-jeep-grand-cherokee-summit-4x4-sport-utility-1c4rjher5t8558216/,
1FT8X3BT1TEF03096,N5000041,2026,Ford,F-350SD,XLT,New,64148,73930,6,,,10-Speed Automatic,4WD,Power Stroke 6.7L V8 DI 32V OHV Turbodiesel,,https://www.nucarnh.com/inventory/new-2026-ford-f-350sd-xlt-4wd-4d-extended-cab-1ft8x3bt1tef03096/,
1C6SRFFT4TN312808,N6100298,2026,RAM,1500,BIG HORN,New,,65080,0,,,8-Spd Auto 8HP75 Trans,4x4,5.7L V8 HEMI MDS VVT eTorque Engine,,https://www.nucarnh.com/inventory/new-2026-ram-1500-big-horn-4x4-crew-cab-1c6srfft4tn312808/,
1C6SRFFT5TN319718,N6100343,2026,RAM,1500,BIG HORN,New,,65080,0,,,8-Spd Auto 8HP75 Trans,4x4,5.7L V8 HEMI MDS VVT eTorque Engine,,https://www.nucarnh.com/inventory/new-2026-ram-1500-big-horn-4x4-crew-cab-1c6srfft5tn319718/,
3C7WRNAL1TG250100,CT26107,2026,Ram,5500HD,Tradesman,New,66670,79010,15,,,8-Speed Automatic,4WD,Cummins 6.7L I6 Turbodiesel,,https://www.nucarnh.com/inventory/new-2026-ram-5500hd-tradesman-4wd-2d-standard-cab-3c7wrnal1tg250100/,
3C7WRTAJ3TG207543,CT26048,2026,Ram,3500 Chassis Cab,Tradesman,New,68307,62355,22,,,8-Speed Automatic,4WD,6.4L V8,,https://www.nucarnh.com/inventory/new-2026-ram-3500-chassis-cab-tradesman-4wd-2d-standard-cab-3c7wrtaj3tg207543/,
1C4SJVBP5TS199620,N4900042,2026,Jeep,Grand Wagoneer,Limited Altitude,New,71659,79470,11,,,8-Speed Automatic,4WD,3.0L I6,,https://www.nucarnh.com/inventory/new-2026-jeep-grand-wagoneer-limited-altitude-4wd-4d-sport-utility-1c4sjvbp5ts199620/,
1FT8W3BT4TEC63772,N5400229,2026,Ford,F-350SD,XLT,New,,75980,492,,,10-Speed Automatic,4WD,Power Stroke 6.7L V8 DI 32V OHV Turbodiesel,,https://www.nucarnh.com/inventory/new-2026-ford-f-350sd-xlt-4wd-4d-crew-cab-1ft8w3bt4tec63772/,
3C4RJACK0TT216803,,2026,Jeep,Recon,,New,,71980,0,,,FR Offset (M)/RR Offset (M) 1 Spd GB,4x4,400V G2500 FR/RR Elec Drive Motors,,https://www.nucarnh.com/inventory/new-2026-jeep-recon-4x4-sport-utility-3c4rjack0tt216803/,
1C4SJVBP9TS199619,N4900046,2026,Jeep,Grand Wagoneer,Limited Altitude,New,72554,78775,12,,,8-Speed Automatic,4WD,3.0L I6,,https://www.nucarnh.com/inventory/new-2026-jeep-grand-wagoneer-limited-altitude-4wd-4d-sport-utility-1c4sjvbp9ts199619/,
1C6SRFJT0TN320038,CT26174,2026,RAM,1500,LARAMIE,New,,76870,0,,,8-Spd Auto 8HP75 Trans,4x4,5.7L V8 HEMI MDS VVT eTorque Engine,,https://www.nucarnh.com/inventory/new-2026-ram-1500-laramie-4x4-crew-cab-1c6srfjt0tn320038/,
1C6SRFJT9VN555539,N6100681,2027,RAM,1500,LARAMIE,New,,78275,0,,,8-Spd Auto 8HP75 Trans,4x4,5.7L V8 HEMI MDS VVT eTorque Engine,,https://www.nucarnh.com/inventory/new-2027-ram-1500-laramie-4x4-crew-cab-1c6srfjt9vn555539/,
1GYS4FKL7RR358447,U5000340,2024,Cadillac,Escalade,Sport,Used,78893,0,37101,,,10-Speed Automatic,AWD,6.2L V8,,https://www.nucarnh.com/inventory/used-2024-cadillac-escalade-sport-awd-4d-sport-utility-1gys4fkl7rr358447/,
1C6SRFJT4TN403536,CT26249,2026,RAM,1500,LARAMIE,New,,79000,0,,,8-Spd Auto 8HP75 Trans,4x4,5.7L V8 HEMI MDS VVT eTorque Engine,,https://www.nucarnh.com/inventory/new-2026-ram-1500-laramie-4x4-crew-cab-1c6srfjt4tn403536/,
1FDRF3HN0TEC74633,FT26056,2026,Ford,F-350SD,XL,New,82066,60360,473,,,10-Speed Automatic,4WD,7.3L V8 PFI OHV 16V Federal 335hp,,https://www.nucarnh.com/inventory/new-2026-ford-f-350sd-xl-4wd-2d-standard-cabchassis-1fdrf3hn0tec74633/,
1FDRF3HN0TEC71862,FT26014,2026,Ford,F-350SD,XL,New,84180,61725,127,,,10-Speed Automatic,4WD,7.3L V8 PFI OHV 16V Federal 335hp,,https://www.nucarnh.com/inventory/new-2026-ford-f-350sd-xl-4wd-2d-standard-cabchassis-1fdrf3hn0tec71862/,
1C4SJVBPXTS154608,N6100249,2026,Jeep,Grand Wagoneer,Grand Wagoneer,New,,84250,0,,,8-Spd Auto 880RE Trans (Make),4x4,3.0L I6 Hurricane SO Twin Turbo ESS,,https://www.nucarnh.com/inventory/new-2026-jeep-grand-wagoneer-grand-wagoneer-4x4-sport-utility-1c4sjvbpxts154608/,
3C6UR5EL8TG364455,N4900026,2026,Ram,2500,Rebel,New,84397,99880,18,,,8-Speed Automatic,4WD,6.7L I6,,https://www.nucarnh.com/inventory/new-2026-ram-2500-rebel-4wd-4d-crew-cab-3c6ur5el8tg364455/,
3C7WRNAL9TG185772,CT26031,2026,Ram,5500HD,Tradesman,New,86481,79875,25,,,8-Speed Automatic,4WD,Cummins 6.7L I6 Turbodiesel,,https://www.nucarnh.com/inventory/new-2026-ram-5500hd-tradesman-4wd-2d-standard-cab-3c7wrnal9tg185772/,
1FMJK1P81TEA46035,FT26122,2026,Ford,Expedition Max,King Ranch,New,87595,92795,7,,,10-Speed Automatic,4WD,EcoBoost 3.5L V6 GTDi DOHC 24V Twin Turbocharged,,https://www.nucarnh.com/inventory/new-2026-ford-expedition-max-king-ranch-4wd-4d-sport-utility-1fmjk1p81tea46035/,
1FT8W2BT2TED57840,N2000357,2026,Ford,F-250SD,Platinum,New,92431,100235,8,,,10-Speed Automatic,4WD,Power Stroke 6.7L V8 DI 32V OHV Turbodiesel,,https://www.nucarnh.com/inventory/new-2026-ford-f-250sd-platinum-4wd-4d-crew-cab-1ft8w2bt2ted57840/,
1C6SRFU91VN594030,,2027,RAM,1500,TRX,New,,111575,0,,,8-Spd Auto 8HP95 Transmission (Buy),4x4,6.2L Supercharged HEMI V8 SRT Engine,,https://www.nucarnh.com/inventory/new-2027-ram-1500-trx-4x4-crew-cab-1c6srfu91vn594030/,
3N1AB9BV6VY212610,N4700088,2027,Nissan,Sentra,S,New,23995,25195,13,,,CVT with Xtronic,FWD,2.0L I4 DOHC,,https://www.nucarnh.com/inventory/new-2027-nissan-sentra-s-fwd-4d-sedan-3n1ab9bv6vy212610/,
3KPFU4DE5TE414916,N4600148,2026,Kia,K4,EX,New,24012,25925,1,,,CVT,FWD,2.0L I4 MPI,,https://www.nucarnh.com/inventory/new-2026-kia-k4-ex-fwd-4d-sedan-3kpfu4de5te414916/,
3N1AB9CV0VY209992,N4700075,2027,Nissan,Sentra,SV,New,24069,25515,8,,,CVT with Xtronic,FWD,2.0L I4 DOHC,,https://www.nucarnh.com/inventory/new-2027-nissan-sentra-sv-fwd-4d-sedan-3n1ab9cv0vy209992/,
3KPFT4DEXTE406734,N4600149,2026,Kia,K4,LXS,New,24157,25570,1,,,CVT,FWD,2.0L I4 MPI,,https://www.nucarnh.com/inventory/new-2026-kia-k4-lxs-fwd-4d-sedan-3kpft4dexte406734/,
3VV8C7B25TM071392,N4800073,2026,Volkswagen,Taos,1.5T S,New,26030,0,20,,,8-Speed Automatic with Tiptronic,AWD,1.5L I4 Turbocharged DOHC 16V LEV3-SULEV30 174hp,,https://www.nucarnh.com/inventory/new-2026-volkswagen-taos-1-5t-s-awd-4d-sport-utility-3vv8c7b25tm071392/,
3N8AP6BB7VL305236,N4700084,2027,Nissan,Kicks,S,New,25383,26265,1,,,CVT with Xtronic,AWD,2.0L DOHC,,https://www.nucarnh.com/inventory/new-2027-nissan-kicks-s-awd-4d-sport-utility-3n8ap6bb7vl305236/,
3N1AB9CV6VY245752,N4700174,2027,Nissan,Sentra,SV,New,,26935,0,,,CVT with Xtronic,FWD,2.0L I4 DOHC,,https://www.nucarnh.com/inventory/new-2027-nissan-sentra-sv-fwd-4d-sedan-3n1ab9cv6vy245752/,
3KPFU5DE5TE391434,N4600137,2026,Kia,K4,GT-Line,New,26425,27775,13,,,CVT,FWD,2.0L I4 MPI,,https://www.nucarnh.com/inventory/new-2026-kia-k4-gt-line-fwd-4d-hatchback-3kpfu5de5te391434/,
3N1AB9DV2VY214240,N4700091,2027,Nissan,Sentra,SR,New,26682,28775,8,,,CVT with Xtronic,FWD,2.0L I4 DOHC,,https://www.nucarnh.com/inventory/new-2027-nissan-sentra-sr-fwd-4d-sedan-3n1ab9dv2vy214240/,
3VWBW7BU2VM012202,N4800061,2027,Volkswagen,Jetta,1.5T Sport,New,27289,27289,9,,,8-Speed Automatic with Tiptronic,FWD,1.5L I-4 DI DOHC Turbocharged,,https://www.nucarnh.com/inventory/new-2027-volkswagen-jetta-1-5t-sport-fwd-4d-sedan-3vwbw7bu2vm012202/,
3N8AP6CB4VL328598,N4700157,2027,Nissan,Kicks,SV,New,,28545,1,,,CVT with Xtronic,AWD,2.0L DOHC,,https://www.nucarnh.com/inventory/new-2027-nissan-kicks-sv-awd-4d-sport-utility-3n8ap6cb4vl328598/,
3N8AP6CBXVL308131,N4700099,2027,Nissan,Kicks,SV,New,27428,29465,9,,,CVT with Xtronic,AWD,2.0L DOHC,,https://www.nucarnh.com/inventory/new-2027-nissan-kicks-sv-awd-4d-sport-utility-3n8ap6cbxvl308131/,
3N8AP6CB2VL321391,N4700137,2027,Nissan,Kicks,SV,New,27458,29495,1,,,CVT with Xtronic,AWD,2.0L DOHC,,https://www.nucarnh.com/inventory/new-2027-nissan-kicks-sv-awd-4d-sport-utility-3n8ap6cb2vl321391/,
3N8AP6CB2VL321178,N4700140,2027,Nissan,Kicks,SV,New,27458,29495,8,,,CVT with Xtronic,AWD,2.0L DOHC,,https://www.nucarnh.com/inventory/new-2027-nissan-kicks-sv-awd-4d-sport-utility-3n8ap6cb2vl321178/,
3N8AP6CB4VL320713,N4700138,2027,Nissan,Kicks,SV,New,27458,29495,1,,,CVT with Xtronic,AWD,2.0L DOHC,,https://www.nucarnh.com/inventory/new-2027-nissan-kicks-sv-awd-4d-sport-utility-3n8ap6cb4vl320713/,
3VWBW7BU7VM001860,N4800047,2027,Volkswagen,Jetta,1.5T Sport,New,27694,27694,6,,,8-Speed Automatic with Tiptronic,FWD,1.5L I-4 DI DOHC Turbocharged,,https://www.nucarnh.com/inventory/new-2027-volkswagen-jetta-1-5t-sport-fwd-4d-sedan-3vwbw7bu7vm001860/,
KNDELCD31V5011554,N4600145,2027,Kia,Seltos,S,New,29026,0,34,,,CVT,AWD,2.0L I4 MPI,,https://www.nucarnh.com/inventory/new-2027-kia-seltos-s-awd-4d-sport-utility-kndelcd31v5011554/,
3N8AP6CB3VL326082,N4700147,2027,Nissan,Kicks,SV,New,28935,30965,1,,,CVT with Xtronic,AWD,2.0L DOHC,,https://www.nucarnh.com/inventory/new-2027-nissan-kicks-sv-awd-4d-sport-utility-3n8ap6cb3vl326082/,
3N8AP6CB5VL326312,N4700148,2027,Nissan,Kicks,SV,New,28935,30965,1,,,CVT with Xtronic,AWD,2.0L DOHC,,https://www.nucarnh.com/inventory/new-2027-nissan-kicks-sv-awd-4d-sport-utility-3n8ap6cb5vl326312/,
3C4NJDCN8TT274703,N4900003,2026,Jeep,Compass,Limited,New,28973,35555,11,,,8-Speed Automatic,4WD,2.0L I4 DOHC,,https://www.nucarnh.com/inventory/new-2026-jeep-compass-limited-4wd-4d-sport-utility-3c4njdcn8tt274703/,
1N4BL4DWXTN357415,N4700098,2026,Nissan,Altima,2.5 SV,New,29319,32600,8,,,CVT with Xtronic,AWD,2.5L 4-Cylinder DOHC 16V,,https://www.nucarnh.com/inventory/new-2026-nissan-altima-2-5-sv-awd-4d-sedan-1n4bl4dwxtn357415/,
KNDELCD32V5030789,N4600142,2027,Kia,Seltos,S,New,29427,29905,1,,,CVT,AWD,2.0L I4 MPI,,https://www.nucarnh.com/inventory/new-2027-kia-seltos-s-awd-4d-sport-utility-kndelcd32v5030789/,
3N8AP6CBXVL317573,N4700126,2027,Nissan,Kicks,SV,New,29442,31555,1,,,CVT with Xtronic,AWD,2.0L DOHC,,https://www.nucarnh.com/inventory/new-2027-nissan-kicks-sv-awd-4d-sport-utility-3n8ap6cbxvl317573/,
3N8AP6CB1VL331006,N4700165,2027,Nissan,Kicks,SV,New,,30965,1,,,CVT with Xtronic,AWD,2.0L DOHC,,https://www.nucarnh.com/inventory/new-2027-nissan-kicks-sv-awd-4d-sport-utility-3n8ap6cb1vl331006/,
3VVBR7RM9TM162855,N4800008,2026,Volkswagen,Tiguan,S,New,30205,34897,10,,,8-Speed Automatic,AWD,2.0L TSI DOHC,,https://www.nucarnh.com/inventory/new-2026-volkswagen-tiguan-s-awd-4d-sport-utility-3vvbr7rm9tm162855/,
3N8AP6CB9VL331559,N4700166,2027,Nissan,Kicks,SV,New,,32035,0,,,CVT with Xtronic,AWD,2.0L DOHC,,https://www.nucarnh.com/inventory/new-2027-nissan-kicks-sv-awd-4d-sport-utility-3n8ap6cb9vl331559/,
3N8AP6DD9VL325728,N4700149,2027,Nissan,Kicks,SR,New,31191,34165,1,,,CVT with Xtronic,AWD,2.0L DOHC,,https://www.nucarnh.com/inventory/new-2027-nissan-kicks-sr-awd-4d-sport-utility-3n8ap6dd9vl325728/,
5XYK2CDF2VG477534,N4600107,2027,Kia,Sportage,LX,New,31253,32505,6,,,8-Speed Automatic,AWD,I4,,https://www.nucarnh.com/inventory/new-2027-kia-sportage-lx-awd-4d-sport-utility-5xyk2cdf2vg477534/,
5XYK3CDF9TG463494,N4600040,2026,Kia,Sportage,EX,New,31300,34800,6,,,8-Speed Automatic,AWD,I4,,https://www.nucarnh.com/inventory/new-2026-kia-sportage-ex-awd-4d-sport-utility-5xyk3cdf9tg463494/,
3KPFU5DC4TE393996,N4600110,2026,Kia,K4,GT-Line Turbo,New,31625,32975,13,,,8-Speed Automatic,FWD,1.6L I4 DGI 16V,,https://www.nucarnh.com/inventory/new-2026-kia-k4-gt-line-turbo-fwd-4d-hatchback-3kpfu5dc4te393996/,
3FTTW8B31TRB66601,N5000088,2026,Ford,Maverick,XL,New,31759,32325,1,,,CVT,AWD,2.5L I-4 Hybrid,,https://www.nucarnh.com/inventory/new-2026-ford-maverick-xl-awd-4d-crew-cab-3fttw8b31trb66601/,
1N4BL4CW7TN352366,N4700061,2026,Nissan,Altima,2.5 SR,New,32301,35970,6,,,CVT with Xtronic,AWD,2.5L 4-Cylinder DOHC 16V,,https://www.nucarnh.com/inventory/new-2026-nissan-altima-2-5-sr-awd-4d-sedan-1n4bl4cw7tn352366/,
5XYK2CDF1VG486595,N4600146,2027,Kia,Sportage,LX,New,32335,33680,1,,,8-Speed Automatic,AWD,I4,,https://www.nucarnh.com/inventory/new-2027-kia-sportage-lx-awd-4d-sport-utility-5xyk2cdf1vg486595/,
KNDEDCD31V7048153,N4600125,2027,Kia,Seltos,X-Line S,New,32383,32930,6,,,CVT,AWD,2.0L I4 MPI,,https://www.nucarnh.com/inventory/new-2027-kia-seltos-x-line-s-awd-4d-sport-utility-kndedcd31v7048153/,
5N1BT3BB1TC891964,N4700127,2026,Nissan,Rogue,Rock Creek,New,32480,37895,8,,,CVT with Xtronic,AWD,1.5L DOHC,,https://www.nucarnh.com/inventory/new-2026-nissan-rogue-rock-creek-awd-4d-sport-utility-5n1bt3bb1tc891964/,
3C4NJDCN6TT274702,N4900014,2026,Jeep,Compass,Limited,New,32503,36150,8,,,8-Speed Automatic,4WD,2.0L I4 DOHC,,https://www.nucarnh.com/inventory/new-2026-jeep-compass-limited-4wd-4d-sport-utility-3c4njdcn6tt274702/,
KNDECCD38V7051263,N4600115,2027,Kia,Seltos,EX,New,32569,33085,12,,,CVT,AWD,2.0L I4 MPI,,https://www.nucarnh.com/inventory/new-2027-kia-seltos-ex-awd-4d-sport-utility-kndeccd38v7051263/,
5N1BT3BB0TC878106,N4700089,2026,Nissan,Rogue,Dark Armor,New,32609,38065,8,,,CVT with Xtronic,AWD,1.5L DOHC,,https://www.nucarnh.com/inventory/new-2026-nissan-rogue-dark-armor-awd-4d-sport-utility-5n1bt3bb0tc878106/,
5XYRLDJC7TG492121,N4600140,2026,Kia,Sorento,S,New,32934,38945,150,,,8-Speed Automatic,AWD,2.5L I4 DGI DOHC 16V LEV3-SULEV30 191hp,,https://www.nucarnh.com/inventory/new-2026-kia-sorento-s-awd-4d-sport-utility-5xyrldjc7tg492121/,
5N1BT3BB3TC875684,N4700082,2026,Nissan,Rogue,Dark Armor,New,33005,38515,6,,,CVT with Xtronic,AWD,1.5L DOHC,,https://www.nucarnh.com/inventory/new-2026-nissan-rogue-dark-armor-awd-4d-sport-utility-5n1bt3bb3tc875684/,
5N1BT3BB5TC875797,N4700081,2026,Nissan,Rogue,Dark Armor,New,33005,38515,6,,,CVT with Xtronic,AWD,1.5L DOHC,,https://www.nucarnh.com/inventory/new-2026-nissan-rogue-dark-armor-awd-4d-sport-utility-5n1bt3bb5tc875797/,
5N1BT3BB3VC675505,N4700141,2027,Nissan,Rogue,Dark Armor,New,33014,37890,8,,,CVT,AWD,I3,,https://www.nucarnh.com/inventory/new-2027-nissan-rogue-dark-armor-awd-4d-sport-utility-5n1bt3bb3vc675505/,
3C4NJDCN4TT274701,N4900048,2026,Jeep,Compass,Limited,New,34016,37850,6,,,8-Speed Automatic,4WD,2.0L I4 DOHC,,https://www.nucarnh.com/inventory/new-2026-jeep-compass-limited-4wd-4d-sport-utility-3c4njdcn4tt274701/,
3FMCR9BNXTRF52122,N5000097,2026,Ford,Bronco Sport,Big Bend,New,34043,38415,1,,,8-Speed Automatic,4WD,1.5L EcoBoost,,https://www.nucarnh.com/inventory/new-2026-ford-bronco-sport-big-bend-4wd-4d-sport-utility-3fmcr9bnxtrf52122/,
3VVMR7RM3TM153982,N4800011,2026,Volkswagen,Tiguan,SE,New,34043,39017,6,,,8-Speed Automatic,AWD,2.0L TSI DOHC,,https://www.nucarnh.com/inventory/new-2026-volkswagen-tiguan-se-awd-4d-sport-utility-3vvmr7rm3tm153982/,
3FTTW8JA3TRB47418,N5000062,2026,Ford,Maverick,XLT,New,34067,35810,8,,,8-Speed Automatic,AWD,EcoBoost 2.0L I4 GTDi DOHC Turbocharged VCT,,https://www.nucarnh.com/inventory/new-2026-ford-maverick-xlt-awd-4d-crew-cab-3fttw8ja3trb47418/,
3C4NJDCNXTT274704,N4900037,2026,Jeep,Compass,Limited,New,34546,38445,6,,,8-Speed Automatic,4WD,2.0L I4 DOHC,,https://www.nucarnh.com/inventory/new-2026-jeep-compass-limited-4wd-4d-sport-utility-3c4njdcnxtt274704/,
5N1BT3BB7VC694896,N4700176,2027,Nissan,Rogue,Rock Creek,New,,37705,0,,,CVT,AWD,I3,,https://www.nucarnh.com/inventory/new-2027-nissan-rogue-rock-creek-awd-4d-sport-utility-5n1bt3bb7vc694896/,
3FTTW8JA1TRB62953,N5000098,2026,Ford,Maverick,XLT,New,34841,36660,1,,,8-Speed Automatic,AWD,EcoBoost 2.0L I4 GTDi DOHC Turbocharged VCT,,https://www.nucarnh.com/inventory/new-2026-ford-maverick-xlt-awd-4d-crew-cab-3fttw8ja1trb62953/,
WVWLE7CD7TW289160,N4800048,2026,Volkswagen,Golf GTI,S,New,34950,36950,8,,,7-Speed DSG Automatic with Tiptronic,FWD,2.0L TSI DOHC,,https://www.nucarnh.com/inventory/new-2026-volkswagen-golf-gti-s-fwd-4d-hatchback-wvwle7cd7tw289160/,
1N6ED1CM6VN604951,N4700117,2027,Nissan,Frontier,S,New,35134,38990,8,,,9-Speed Automatic with Overdrive,4WD,V6,,https://www.nucarnh.com/inventory/new-2027-nissan-frontier-s-4wd-4d-king-cab-1n6ed1cm6vn604951/,
3VVVD7B24VM015267,N4800063,2027,Volkswagen,Taos,1.5T SE,New,35332,35332,10,,,8-Speed Automatic with Tiptronic,AWD,1.5L I4 Turbocharged DOHC 16V LEV3-SULEV30 174hp,,https://www.nucarnh.com/inventory/new-2027-volkswagen-taos-1-5t-se-awd-4d-sport-utility-3vvvd7b24vm015267/,
3VV2D7B21VM022857,N4800059,2027,Volkswagen,Taos,1.5T SE Black,New,35948,35948,5,,,8-Speed Automatic with Tiptronic,AWD,1.5L I4 Turbocharged DOHC 16V LEV3-SULEV30 174hp,,https://www.nucarnh.com/inventory/new-2027-volkswagen-taos-1-5t-se-black-awd-4d-sport-utility-3vv2d7b21vm022857/,
JN8BT3DD7TW010643,N4700078,2026,Nissan,Rogue,Platinum,New,36029,42745,8,,,CVT with Xtronic,AWD,1.5L DOHC,,https://www.nucarnh.com/inventory/new-2026-nissan-rogue-platinum-awd-4d-sport-utility-jn8bt3dd7tw010643/,
JN8BT3DD0TW320004,N5100635,2026,Nissan,Rogue,Platinum,New,36357,42940,3,,,CVT with Xtronic,AWD,1.5L DOHC,,https://www.nucarnh.com/inventory/new-2026-nissan-rogue-platinum-awd-4d-sport-utility-jn8bt3dd0tw320004/,
1N6ED1EK6VN604735,N4700118,2027,Nissan,Frontier,S,New,36475,40390,8,,,9-Speed Automatic with Overdrive,4WD,V6,,https://www.nucarnh.com/inventory/new-2027-nissan-frontier-s-4wd-4d-crew-cab-1n6ed1ek6vn604735/,
3VW2M7BU6VM014055,N4800064,2027,Volkswagen,Jetta GLI,2.0T Autobahn,New,36657,36657,8,,,7-Speed DSG Automatic with Tiptronic,FWD,2.0L TSI DOHC,,https://www.nucarnh.com/inventory/new-2027-volkswagen-jetta-gli-2-0t-autobahn-fwd-4d-sedan-3vw2m7bu6vm014055/,
JN8BT3DD3TW016455,N4700139,2026,Nissan,Rogue,Platinum,New,,42325,0,,,CVT with Xtronic,AWD,1.5L DOHC,,https://www.nucarnh.com/inventory/new-2026-nissan-rogue-platinum-awd-4d-sport-utility-jn8bt3dd3tw016455/,
JN8BT3DD5TW017798,N4700153,2026,Nissan,Rogue,Platinum,New,,42325,0,,,CVT with Xtronic,AWD,1.5L DOHC,,https://www.nucarnh.com/inventory/new-2026-nissan-rogue-platinum-awd-4d-sport-utility-jn8bt3dd5tw017798/,
7YAPCDDG8VY013150,N4600134,2027,Kia,Sportage Hybrid,X-Line,New,37893,39785,4,,,6-Speed Automatic,AWD,1.6L Turbo GDI 4-Cylinder,,https://www.nucarnh.com/inventory/new-2027-kia-sportage-hybrid-x-line-awd-4d-sport-utility-7yapcddg8vy013150/,
KNDRHDJG8T5548466,N4600116,2026,Kia,Sorento Hybrid,EX,New,37995,43345,6,,,6-Speed Automatic,AWD,1.6L Turbo GDI 4-Cylinder,,https://www.nucarnh.com/inventory/new-2026-kia-sorento-hybrid-ex-awd-4d-sport-utility-kndrhdjg8t5548466/,
WVWSE7CD2TW216869,VC26068,2026,Volkswagen,Golf GTI,SE,New,38275,41660,7,,,7-Speed DSG Automatic with Tiptronic,FWD,2.0L TSI DOHC,,https://www.nucarnh.com/inventory/new-2026-volkswagen-golf-gti-se-fwd-4d-hatchback-wvwse7cd2tw216869/,
1N6ED1EK6TN679836,N4700097,2026,Nissan,Frontier,SV,New,38561,44810,6,,,9-Speed Automatic with Overdrive,4WD,V6,,https://www.nucarnh.com/inventory/new-2026-nissan-frontier-sv-4wd-4d-crew-cab-1n6ed1ek6tn679836/,
KNDPVDDGXV7448436,N4600136,2027,Kia,Sportage Hybrid,X-Line,New,39014,41125,5,,,6-Speed Automatic,AWD,1.6L Turbo GDI 4-Cylinder,,https://www.nucarnh.com/inventory/new-2027-kia-sportage-hybrid-x-line-awd-4d-sport-utility-kndpvddgxv7448436/,
3KMDBDDC9VE004440,N4600139,2027,Kia,EV3,Wind,New,39025,40525,6,,,1-Speed Automatic,AWD,Electric Motor,,https://www.nucarnh.com/inventory/new-2027-kia-ev3-wind-awd-4d-sport-utility-3kmdbddc9ve004440/,
1N6ED1EK7VN603626,N4700115,2027,Nissan,Frontier,SV,New,39063,44205,8,,,9-Speed Automatic with Overdrive,4WD,V6,,https://www.nucarnh.com/inventory/new-2027-nissan-frontier-sv-4wd-4d-crew-cab-1n6ed1ek7vn603626/,
5N1DR3BE2TC296266,N4700143,2026,Nissan,Pathfinder,SV,New,39109,45130,10,,,9-Speed Automatic,4WD,3.5L V6 DOHC,,https://www.nucarnh.com/inventory/new-2026-nissan-pathfinder-sv-4wd-4d-sport-utility-5n1dr3be2tc296266/,
KNDPVDDGXV7451479,N4600143,2027,Kia,Sportage Hybrid,X-Line,New,39477,41620,1,,,6-Speed Automatic,AWD,1.6L Turbo GDI 4-Cylinder,,https://www.nucarnh.com/inventory/new-2027-kia-sportage-hybrid-x-line-awd-4d-sport-utility-kndpvddgxv7451479/,
1C4PJXDN4TW296670,N4900015,2026,Jeep,Wrangler,Sport S,New,39889,49555,25,,,8-Speed Automatic,4WD,2.0L I4 DOHC,,https://www.nucarnh.com/inventory/new-2026-jeep-wrangler-sport-s-4wd-4d-sport-utility-1c4pjxdn4tw296670/,
1N6ED1EK6VN614309,N4700162,2027,Nissan,Frontier,SV,New,39922,45190,1,,,9-Speed Automatic with Overdrive,4WD,V6,,https://www.nucarnh.com/inventory/new-2027-nissan-frontier-sv-4wd-4d-crew-cab-1n6ed1ek6vn614309/,
1N6ED1EK2VN604666,N4700120,2027,Nissan,Frontier,SV,New,40140,45430,8,,,9-Speed Automatic with Overdrive,4WD,V6,,https://www.nucarnh.com/inventory/new-2027-nissan-frontier-sv-4wd-4d-crew-cab-1n6ed1ek2vn604666/,
1N6ED1FK9VN600340,N4700096,2027,Nissan,Frontier,SV,New,40206,45465,8,,,9-Speed Automatic with Overdrive,4WD,V6,,https://www.nucarnh.com/inventory/new-2027-nissan-frontier-sv-4wd-4d-crew-cab-1n6ed1fk9vn600340/,
KNDPXDDG3V7444934,N4600122,2027,Kia,Sportage Hybrid,SX-Prestige,New,40369,42680,6,,,6-Speed Automatic,AWD,1.6L Turbo GDI 4-Cylinder,,https://www.nucarnh.com/inventory/new-2027-kia-sportage-hybrid-sx-prestige-awd-4d-sport-utility-kndpxddg3v7444934/,
1FTER4HH0TLE45421,N5000050,2026,Ford,Ranger,XLT,New,40780,44620,368,,,10-Speed Automatic,4WD,EcoBoost 2.3L I4 GTDi DOHC Turbocharged VCT,,https://www.nucarnh.com/inventory/new-2026-ford-ranger-xlt-4wd-4d-crew-cab-1fter4hh0tle45421/,
1N6ED1EK2VN616154,N4700167,2027,Nissan,Frontier,SV,New,,44450,1,,,9-Speed Automatic with Overdrive,4WD,V6,,https://www.nucarnh.com/inventory/new-2027-nissan-frontier-sv-4wd-4d-crew-cab-1n6ed1ek2vn616154/,
1N6ED1EK6VN618120,N4700173,2027,Nissan,Frontier,SV,New,,44450,0,,,9-Speed Automatic with Overdrive,4WD,V6,,https://www.nucarnh.com/inventory/new-2027-nissan-frontier-sv-4wd-4d-crew-cab-1n6ed1ek6vn618120/,
1FTER4HHXTLE55261,N5000072,2026,Ford,Ranger,XLT,New,40964,44820,8,,,10-Speed Automatic,4WD,EcoBoost 2.3L I4 GTDi DOHC Turbocharged VCT,,https://www.nucarnh.com/inventory/new-2026-ford-ranger-xlt-4wd-4d-crew-cab-1fter4hhxtle55261/,
1N6ED1EK1VN605694,N4700124,2027,Nissan,Frontier,PRO-4X,New,41019,46465,8,,,9-Speed Automatic with Overdrive,4WD,V6,,https://www.nucarnh.com/inventory/new-2027-nissan-frontier-pro-4x-4wd-4d-crew-cab-1n6ed1ek1vn605694/,
3FTTW8NA2TRA63181,N6000453,2026,Ford,Maverick,Tremor,New,41126,44580,10,,,8-Speed Automatic,AWD,EcoBoost 2.0L I4 GTDi DOHC Turbocharged VCT,,https://www.nucarnh.com/inventory/new-2026-ford-maverick-tremor-awd-4d-crew-cab-3fttw8na2tra63181/,
1N6ED1FK0VN616636,N4700168,2027,Nissan,Frontier,SV,New,,44735,0,,,9-Speed Automatic with Overdrive,4WD,V6,,https://www.nucarnh.com/inventory/new-2027-nissan-frontier-sv-4wd-4d-crew-cab-1n6ed1fk0vn616636/,
1N6ED1FK0VN618225,N4700172,2027,Nissan,Frontier,SV,New,,44735,0,,,9-Speed Automatic with Overdrive,4WD,V6,,https://www.nucarnh.com/inventory/new-2027-nissan-frontier-sv-4wd-4d-crew-cab-1n6ed1fk0vn618225/,
1N6ED1EK9VN617673,N4700170,2027,Nissan,Frontier,SV,New,,44900,0,,,9-Speed Automatic with Overdrive,4WD,V6,,https://www.nucarnh.com/inventory/new-2027-nissan-frontier-sv-4wd-4d-crew-cab-1n6ed1ek9vn617673/,
1N6ED1EK4VN612722,N4700156,2027,Nissan,Frontier,PRO-4X,New,41445,46945,1,,,9-Speed Automatic with Overdrive,4WD,V6,,https://www.nucarnh.com/inventory/new-2027-nissan-frontier-pro-4x-4wd-4d-crew-cab-1n6ed1ek4vn612722/,
1C4RJHBR6TC195457,N6100556,2026,Jeep,Grand Cherokee,Limited,New,41547,49805,464,,,8-Speed Automatic,4WD,2.0L Hurricane 4 Turbo with ESS,,https://www.nucarnh.com/inventory/new-2026-jeep-grand-cherokee-limited-4wd-4d-sport-utility-1c4rjhbr6tc195457/,
1N6ED1FK8VN605769,N4700128,2027,Nissan,Frontier,PRO-4X,New,41891,47415,1,,,9-Speed Automatic with Overdrive,4WD,V6,,https://www.nucarnh.com/inventory/new-2027-nissan-frontier-pro-4x-4wd-4d-crew-cab-1n6ed1fk8vn605769/,
1N6ED1FK4VN604215,N4700121,2027,Nissan,Frontier,PRO-4X,New,42160,47725,8,,,9-Speed Automatic with Overdrive,4WD,V6,,https://www.nucarnh.com/inventory/new-2027-nissan-frontier-pro-4x-4wd-4d-crew-cab-1n6ed1fk4vn604215/,
1V2HC2CAXTC246565,N4800056,2026,Volkswagen,Atlas Cross Sport,SE w/Technology,New,,46983,0,,,8-Speed Automatic with Tiptronic,AWD,2.0L TSI,,https://www.nucarnh.com/inventory/new-2026-volkswagen-atlas-cross-sport-se-wtechnology-awd-4d-sport-utility-1v2hc2caxtc246565/,
3VVUW7RM0TM152457,N4800055,2026,Volkswagen,Tiguan,SEL R-Line Turbo,New,43191,46132,106,,,8-Speed Automatic,AWD,2.0L Turbocharged,,https://www.nucarnh.com/inventory/new-2026-volkswagen-tiguan-sel-r-line-turbo-awd-4d-sport-utility-3vvuw7rm0tm152457/,
KNDRKDJG0T5547961,N4600144,2026,Kia,Sorento Hybrid,X-Line SX Prestige,New,43416,49515,1,,,6-Speed Automatic,AWD,1.6L Turbo GDI 4-Cylinder,,https://www.nucarnh.com/inventory/new-2026-kia-sorento-hybrid-x-line-sx-prestige-awd-4d-sport-utility-kndrkdjg0t5547961/,
3FTTW8S39TRB73392,N5000099,2026,Ford,Maverick,Lariat,New,43469,44590,1,,,CVT,AWD,2.5L I-4 Hybrid,,https://www.nucarnh.com/inventory/new-2026-ford-maverick-lariat-awd-4d-crew-cab-3fttw8s39trb73392/,
5N1DR3BT4TC298339,N4700154,2026,Nissan,Pathfinder,Rock Creek,New,43497,49940,8,,,9-Speed Automatic,4WD,3.5L V6 DOHC,,https://www.nucarnh.com/inventory/new-2026-nissan-pathfinder-rock-creek-4wd-4d-sport-utility-5n1dr3bt4tc298339/,
5N1DR3BT2TC291857,N4700136,2026,Nissan,Pathfinder,Rock Creek,New,43525,49960,8,,,9-Speed Automatic,4WD,3.5L V6 DOHC,,https://www.nucarnh.com/inventory/new-2026-nissan-pathfinder-rock-creek-4wd-4d-sport-utility-5n1dr3bt2tc291857/,
1FMDE7BH5TLB49081,N5000069,2026,Ford,Bronco,Big Bend,New,43601,48420,8,,,10-Speed Automatic,4WD,2.3L EcoBoost I-4,,https://www.nucarnh.com/inventory/new-2026-ford-bronco-big-bend-4wd-4d-sport-utility-1fmde7bh5tlb49081/,
3VVUW7RM9TM175364,N4800045,2026,Volkswagen,Tiguan,SEL R-Line Turbo,New,43641,45677,9,,,8-Speed Automatic,AWD,2.0L Turbocharged,,https://www.nucarnh.com/inventory/new-2026-volkswagen-tiguan-sel-r-line-turbo-awd-4d-sport-utility-3vvuw7rm9tm175364/,
1N6ED1EK5VN608081,N4700131,2027,Nissan,Frontier,PRO-4X,New,43765,49545,1,,,9-Speed Automatic with Overdrive,4WD,V6,,https://www.nucarnh.com/inventory/new-2027-nissan-frontier-pro-4x-4wd-4d-crew-cab-1n6ed1ek5vn608081/,
5XYRKDJF6TG496710,N4600132,2026,Kia,Sorento,X-Pro SX Prestige,New,43944,49955,55,,,8 Speed Dual Clutch,AWD,2.5L I4 DGI Turbocharged DOHC 16V LEV3-SULEV30 281hp,,https://www.nucarnh.com/inventory/new-2026-kia-sorento-x-pro-sx-prestige-awd-4d-sport-utility-5xyrkdjf6tg496710/,
3VVUW7RM2TM173567,N4800046,2026,Volkswagen,Tiguan,SEL R-Line Turbo,New,44078,46132,11,,,8-Speed Automatic,AWD,2.0L Turbocharged,,https://www.nucarnh.com/inventory/new-2026-volkswagen-tiguan-sel-r-line-turbo-awd-4d-sport-utility-3vvuw7rm2tm173567/,
1N6ED1EK3VN608757,N4700134,2027,Nissan,Frontier,PRO-4X,New,44163,49995,1,,,9-Speed Automatic with Overdrive,4WD,V6,,https://www.nucarnh.com/inventory/new-2027-nissan-frontier-pro-4x-4wd-4d-crew-cab-1n6ed1ek3vn608757/,
1N6ED1EK4VN617418,N4700169,2027,Nissan,Frontier,PRO-4X,New,,47970,0,,,9-Speed Automatic with Overdrive,4WD,V6,,https://www.nucarnh.com/inventory/new-2027-nissan-frontier-pro-4x-4wd-4d-crew-cab-1n6ed1ek4vn617418/,
1C6SRFGT3TN411215,N4900060,2026,Ram,1500,Express,New,45292,57180,6,,,8-Speed Automatic,4WD,HEMI 5.7L V8 Multi Displacement VVT eTorque,,https://www.nucarnh.com/inventory/new-2026-ram-1500-express-4wd-4d-crew-cab-1c6srfgt3tn411215/,
1FTEW2LP8TKE80774,N5000056,2026,Ford,F-150,STX,New,45318,52195,14,,,10-Speed Automatic,4WD,2.7L V6 EcoBoost,,https://www.nucarnh.com/inventory/new-2026-ford-f-150-stx-4wd-4d-supercrew-1ftew2lp8tke80774/,
1V2BC2CA3TC239320,N4800010,2026,Volkswagen,Atlas Cross Sport,SEL,New,45643,51683,3,,,8-Speed Automatic with Tiptronic,AWD,2.0L TSI,,https://www.nucarnh.com/inventory/new-2026-volkswagen-atlas-cross-sport-sel-awd-4d-sport-utility-1v2bc2ca3tc239320/,
1FMDE7BH0TLB49148,N5000084,2026,Ford,Bronco,Big Bend,New,45707,50710,7,,,10-Speed Automatic,4WD,2.3L EcoBoost I-4,,https://www.nucarnh.com/inventory/new-2026-ford-bronco-big-bend-4wd-4d-sport-utility-1fmde7bh0tlb49148/,
2C4RC3BG7VR614437,N4900112,2027,Chrysler,Pacifica,Select,New,45860,48860,10,,,9-Speed 948TE Automatic,AWD,3.6L V6 24V VVT,,https://www.nucarnh.com/inventory/new-2027-chrysler-pacifica-select-awd-4d-passenger-van-2c4rc3bg7vr614437/,
1C4RJHAG2VC576936,N4900136,2027,Jeep,Grand Cherokee,Laredo X,New,46458,48435,1,,,8-Speed Automatic,4WD,3.6L V6 24V VVT,,https://www.nucarnh.com/inventory/new-2027-jeep-grand-cherokee-laredo-x-4wd-4d-sport-utility-1c4rjhag2vc576936/,
1C4PJXAN8VW583078,N4900124,2027,Jeep,Wrangler,Sport S,New,46623,48010,5,,,8-Speed Automatic,4WD,2.0L I4 DOHC,,https://www.nucarnh.com/inventory/new-2027-jeep-wrangler-sport-s-4wd-2d-sport-utility-1c4pjxan8vw583078/,
1C4PJXANXVW583079,N4900123,2027,Jeep,Wrangler,Sport S,New,46623,48010,1,,,8-Speed Automatic,4WD,2.0L I4 DOHC,,https://www.nucarnh.com/inventory/new-2027-jeep-wrangler-sport-s-4wd-2d-sport-utility-1c4pjxanxvw583079/,
5XYPEES14VG054129,N4600138,2027,Kia,Telluride,S,New,46690,47545,1,,,8-Speed Automatic,AWD,2.5L I4 DGI Turbocharged DOHC 16V LEV3-SULEV30 274hp,,https://www.nucarnh.com/inventory/new-2027-kia-telluride-s-awd-4d-sport-utility-5xypees14vg054129/,
1C4RJHAG4VC576937,N4900137,2027,Jeep,Grand Cherokee,Laredo X,New,46994,49030,1,,,8-Speed Automatic,4WD,3.6L V6 24V VVT,,https://www.nucarnh.com/inventory/new-2027-jeep-grand-cherokee-laredo-x-4wd-4d-sport-utility-1c4rjhag4vc576937/,
1C4RJHAR7VC575783,N4900114,2027,Jeep,Grand Cherokee,Laredo Altitude,New,47286,49890,10,,,8-Speed Automatic,4WD,2.0L Hurricane 4 Turbo with ESS,,https://www.nucarnh.com/inventory/new-2027-jeep-grand-cherokee-laredo-altitude-4wd-4d-sport-utility-1c4rjhar7vc575783/,
1FTER4KH8TLE54831,N5000087,2026,Ford,Ranger,Lariat,New,47433,51680,1,,,10-Speed Automatic,4WD,EcoBoost 2.3L I4 GTDi DOHC Turbocharged VCT,,https://www.nucarnh.com/inventory/new-2026-ford-ranger-lariat-4wd-4d-crew-cab-1fter4kh8tle54831/,
1C4PJXDN2TW330038,N4900031,2026,Jeep,Wrangler,Willys,New,47530,56615,2036,,,8-Speed Automatic,4WD,2.0L I4 DOHC,,https://www.nucarnh.com/inventory/new-2026-jeep-wrangler-willys-4wd-4d-sport-utility-1c4pjxdn2tw330038/,
1C4RJHAR9VC575784,N4900113,2027,Jeep,Grand Cherokee,Laredo Altitude,New,47822,50485,10,,,8-Speed Automatic,4WD,2.0L Hurricane 4 Turbo with ESS,,https://www.nucarnh.com/inventory/new-2027-jeep-grand-cherokee-laredo-altitude-4wd-4d-sport-utility-1c4rjhar9vc575784/,
1C4PJXDG9TW337411,N4900073,2026,Jeep,Wrangler,,New,47933,55945,6,,,8-Speed Automatic,4WD,3.6L V6 24V VVT,,https://www.nucarnh.com/inventory/new-2026-jeep-wrangler-4wd-4d-sport-utility-1c4pjxdg9tw337411/,
3C6LRVNG6VE560231,N4900119,2027,Ram,ProMaster 1500,Low Roof,New,48022,51405,1,,,9-Speed 948TE Automatic,FWD,3.6L V6 24V VVT,,https://www.nucarnh.com/inventory/new-2027-ram-promaster-1500-low-roof-fwd-3d-cargo-van-3c6lrvng6ve560231/,
1C4RJHBR3V8156993,N4900084,2027,Jeep,Grand Cherokee,Limited,New,48040,51370,10,,,8-Speed Automatic,4WD,2.0L Hurricane 4 Turbo with ESS,,https://www.nucarnh.com/inventory/new-2027-jeep-grand-cherokee-limited-4wd-4d-sport-utility-1c4rjhbr3v8156993/,
1C4RJKAG6V8175728,N4900138,2027,Jeep,Grand Cherokee L,Laredo X,New,48058,50035,1,,,8-Speed Automatic,4WD,3.6L V6 24V VVT,,https://www.nucarnh.com/inventory/new-2027-jeep-grand-cherokee-l-laredo-x-4wd-4d-sport-utility-1c4rjkag6v8175728/,
1C4RJHAR0VC559702,N4900120,2027,Jeep,Grand Cherokee,Laredo Altitude,New,48182,50885,9,,,8-Speed Automatic,4WD,2.0L Hurricane 4 Turbo with ESS,,https://www.nucarnh.com/inventory/new-2027-jeep-grand-cherokee-laredo-altitude-4wd-4d-sport-utility-1c4rjhar0vc559702/,
1C4RJHBR1VC551607,N4900082,2027,Jeep,Grand Cherokee,Limited,New,48504,50775,10,,,8-Speed Automatic,4WD,2.0L Hurricane 4 Turbo with ESS,,https://www.nucarnh.com/inventory/new-2027-jeep-grand-cherokee-limited-4wd-4d-sport-utility-1c4rjhbr1vc551607/,
1C4RJHAR4VC559704,N4900090,2027,Jeep,Grand Cherokee,Laredo Altitude,New,48513,51270,12,,,8-Speed Automatic,4WD,2.0L Hurricane 4 Turbo with ESS,,https://www.nucarnh.com/inventory/new-2027-jeep-grand-cherokee-laredo-altitude-4wd-4d-sport-utility-1c4rjhar4vc559704/,
1C4RJHAR6VC559705,N4900101,2027,Jeep,Grand Cherokee,Laredo Altitude,New,48718,51480,9,,,8-Speed Automatic,4WD,2.0L Hurricane 4 Turbo with ESS,,https://www.nucarnh.com/inventory/new-2027-jeep-grand-cherokee-laredo-altitude-4wd-4d-sport-utility-1c4rjhar6vc559705/,
1C4RJHAR2VC559703,N4900100,2027,Jeep,Grand Cherokee,Laredo Altitude,New,48718,51480,12,,,8-Speed Automatic,4WD,2.0L Hurricane 4 Turbo with ESS,,https://www.nucarnh.com/inventory/new-2027-jeep-grand-cherokee-laredo-altitude-4wd-4d-sport-utility-1c4rjhar2vc559703/,
1FAGP8UH8T5134907,N5000070,2026,Ford,Mustang,EcoBoost Premium,New,,51360,9,,,10-Speed Automatic,RWD,EcoBoost 2.3L I4 GTDi DOHC Turbocharged VCT,,https://www.nucarnh.com/inventory/new-2026-ford-mustang-ecoboost-premium-rwd-2d-convertible-1fagp8uh8t5134907/,
1FMEE7BH5TLB34441,N5000024,2026,Ford,Bronco,Big Bend,New,48932,54215,6,,,10-Speed Automatic,4WD,2.3L EcoBoost I-4,,https://www.nucarnh.com/inventory/new-2026-ford-bronco-big-bend-4wd-4d-sport-utility-1fmee7bh5tlb34441/,
1FTBF2BA4TEF59406,N5000039,2026,Ford,F-250SD,XL,New,49010,55900,6,,,10-Speed Automatic,4WD,6.8L V8,,https://www.nucarnh.com/inventory/new-2026-ford-f-250sd-xl-4wd-2d-standard-cab-1ftbf2ba4tef59406/,
KNDNE5KA3V6209523,N4600118,2027,Kia,Carnival Hybrid,SX,New,49065,51085,6,,,6-Speed Automatic,FWD,1.6L I4 DGI Hybrid Turbocharged DOHC 16V LEV3-SULEV30,,https://www.nucarnh.com/inventory/new-2027-kia-carnival-hybrid-sx-fwd-4d-passenger-van-kndne5ka3v6209523/,
1C4SDJCTXVC584678,N4900135,2027,Dodge,Durango,GT,New,49149,50290,1,,,8-Speed Automatic,AWD,HEMI 5.7L V8 Multi Displacement VVT,,https://www.nucarnh.com/inventory/new-2027-dodge-durango-gt-awd-4d-sport-utility-1c4sdjctxvc584678/,
1V2FC2CA9TC237637,N4800031,2026,Volkswagen,Atlas Cross Sport,SEL Premium R-Line,New,50487,56693,8,,,8-Speed Automatic with Tiptronic,AWD,2.0L TSI,,https://www.nucarnh.com/inventory/new-2026-volkswagen-atlas-cross-sport-sel-premium-r-line-awd-4d-sport-utility-1v2fc2ca9tc237637/,
1C4RJHBR2VC554144,N4900085,2027,Jeep,Grand Cherokee,Limited Reserve,New,50540,51370,10,,,8-Speed Automatic,4WD,2.0L Hurricane 4 Turbo with ESS,,https://www.nucarnh.com/inventory/new-2027-jeep-grand-cherokee-limited-reserve-4wd-4d-sport-utility-1c4rjhbr2vc554144/,
3C6LRVAG5VE553566,N4900096,2027,Ram,ProMaster 1500,Low Roof,New,50668,54200,1,,,9-Speed Automatic,FWD,3.6L V6 24V VVT,,https://www.nucarnh.com/inventory/new-2027-ram-promaster-1500-low-roof-fwd-3d-cargo-van-3c6lrvag5ve553566/,
1C4PJXDG5VW581317,N4900132,2027,Jeep,Wrangler,Sport S,New,50747,53960,1,,,8-Speed Automatic,4WD,3.6L V6 24V VVT,,https://www.nucarnh.com/inventory/new-2027-jeep-wrangler-sport-s-4wd-4d-sport-utility-1c4pjxdg5vw581317/,
1C4PJXDG7VW581318,N4900131,2027,Jeep,Wrangler,Sport S,New,50747,53960,1,,,8-Speed Automatic,4WD,3.6L V6 24V VVT,,https://www.nucarnh.com/inventory/new-2027-jeep-wrangler-sport-s-4wd-4d-sport-utility-1c4pjxdg7vw581318/,
1V2FN2CA5TC532373,VT26041,2026,Volkswagen,Atlas,SEL Premium R-Line,New,50875,57943,4554,,,8-Speed Automatic with Tiptronic,AWD,2.0L TSI,,https://www.nucarnh.com/inventory/new-2026-volkswagen-atlas-sel-premium-r-line-awd-4d-sport-utility-1v2fn2ca5tc532373/,
1C4RJHBRXVC551606,N4900083,2027,Jeep,Grand Cherokee,Limited Reserve,New,51104,54775,9,,,8-Speed Automatic,4WD,2.0L Hurricane 4 Turbo with ESS,,https://www.nucarnh.com/inventory/new-2027-jeep-grand-cherokee-limited-reserve-4wd-4d-sport-utility-1c4rjhbrxvc551606/,
1FMUK8JH7VGA14518,N5000060,2027,Ford,Explorer,Tremor,New,51552,55070,6,,,10-Speed Automatic,4WD,2.3L EcoBoost I-4,,https://www.nucarnh.com/inventory/new-2027-ford-explorer-tremor-4wd-4d-sport-utility-1fmuk8jh7vga14518/,
1C4RJHBR5V8156994,N4900081,2027,Jeep,Grand Cherokee,Limited Reserve,New,51640,55370,10,,,8-Speed Automatic,4WD,2.0L Hurricane 4 Turbo with ESS,,https://www.nucarnh.com/inventory/new-2027-jeep-grand-cherokee-limited-reserve-4wd-4d-sport-utility-1c4rjhbr5v8156994/,
1C6SRFGT2VN566342,N4900078,2027,Ram,1500,Express,New,52183,57825,9,,,8-Speed Automatic,4WD,HEMI 5.7L V8 Multi Displacement VVT,,https://www.nucarnh.com/inventory/new-2027-ram-1500-express-4wd-4d-crew-cab-1c6srfgt2vn566342/,
1C6SRFGT8VN566345,N4900088,2027,Ram,1500,Express,New,52183,57824,10,,,8-Speed Automatic,4WD,HEMI 5.7L V8 Multi Displacement VVT,,https://www.nucarnh.com/inventory/new-2027-ram-1500-express-4wd-4d-crew-cab-1c6srfgt8vn566345/,
1C6SRFGT4VN566343,N4900077,2027,Ram,1500,Express,New,52183,57825,33,,,8-Speed Automatic,4WD,HEMI 5.7L V8 Multi Displacement VVT,,https://www.nucarnh.com/inventory/new-2027-ram-1500-express-4wd-4d-crew-cab-1c6srfgt4vn566343/,
1C6SRFGT6VN566344,N4900075,2027,Ram,1500,Express,New,52183,57825,9,,,8-Speed Automatic,4WD,HEMI 5.7L V8 Multi Displacement VVT,,https://www.nucarnh.com/inventory/new-2027-ram-1500-express-4wd-4d-crew-cab-1c6srfgt6vn566344/,
1C4RJHBR7V8165700,N4900092,2027,Jeep,Grand Cherokee,Limited Reserve,New,52640,55370,8,,,8-Speed Automatic,4WD,2.0L Hurricane 4 Turbo with ESS,,https://www.nucarnh.com/inventory/new-2027-jeep-grand-cherokee-limited-reserve-4wd-4d-sport-utility-1c4rjhbr7v8165700/,
1C4RJHBR0V8167403,N4900091,2027,Jeep,Grand Cherokee,Limited Reserve,New,53000,55770,14,,,8-Speed Automatic,4WD,2.0L Hurricane 4 Turbo with ESS,,https://www.nucarnh.com/inventory/new-2027-jeep-grand-cherokee-limited-reserve-4wd-4d-sport-utility-1c4rjhbr0v8167403/,
1C4RJHBR0VC564560,N4900116,2027,Jeep,Grand Cherokee,Limited Reserve,New,53165,55940,11,,,8-Speed Automatic,4WD,2.0L Hurricane 4 Turbo with ESS,,https://www.nucarnh.com/inventory/new-2027-jeep-grand-cherokee-limited-reserve-4wd-4d-sport-utility-1c4rjhbr0vc564560/,
1C4RJKBRXV8175733,N4900139,2027,Jeep,Grand Cherokee L,Limited,New,53561,54535,1,,,8-Speed Automatic,4WD,2.0L Hurricane 4 Turbo with ESS,,https://www.nucarnh.com/inventory/new-2027-jeep-grand-cherokee-l-limited-4wd-4d-sport-utility-1c4rjkbrxv8175733/,
1C4RJHBR1VC569234,N4900115,2027,Jeep,Grand Cherokee,Limited Reserve,New,53701,56535,11,,,8-Speed Automatic,4WD,2.0L Hurricane 4 Turbo with ESS,,https://www.nucarnh.com/inventory/new-2027-jeep-grand-cherokee-limited-reserve-4wd-4d-sport-utility-1c4rjhbr1vc569234/,
1C4RJHBRXVC569233,N4900117,2027,Jeep,Grand Cherokee,Limited Reserve,New,53701,56535,11,,,8-Speed Automatic,4WD,2.0L Hurricane 4 Turbo with ESS,,https://www.nucarnh.com/inventory/new-2027-jeep-grand-cherokee-limited-reserve-4wd-4d-sport-utility-1c4rjhbrxvc569233/,
3C6LRVDG7VE560403,N4900142,2027,Ram,ProMaster 2500,High Roof,New,54320,58045,1,,,9-Speed 948TE Automatic,FWD,3.6L V6 24V VVT,,https://www.nucarnh.com/inventory/new-2027-ram-promaster-2500-high-roof-fwd-3d-cargo-van-3c6lrvdg7ve560403/,
1FTBR2C86VKA22558,N5000052,2027,Ford,Transit-250,Base,New,54359,60205,8,,,10-Speed Automatic with Overdrive,AWD,V6,,https://www.nucarnh.com/inventory/new-2027-ford-transit-250-base-awd-3d-cargo-van-1ftbr2c86vka22558/,
1C4PJXEG6VW552567,N4900133,2027,Jeep,Wrangler,Sahara,New,54506,57650,1,,,8-Speed Automatic,4WD,3.6L V6 24V VVT,,https://www.nucarnh.com/inventory/new-2027-jeep-wrangler-sahara-4wd-4d-sport-utility-1c4pjxeg6vw552567/,
1C4PJXEG8VW552568,N4900125,2027,Jeep,Wrangler,Sahara,New,55042,58245,7,,,8-Speed Automatic,4WD,3.6L V6 24V VVT,,https://www.nucarnh.com/inventory/new-2027-jeep-wrangler-sahara-4wd-4d-sport-utility-1c4pjxeg8vw552568/,
1C4PJXEG4VW552566,N4900141,2027,Jeep,Wrangler,Sahara,New,55042,58245,1,,,8-Speed Automatic,4WD,3.6L V6 24V VVT,,https://www.nucarnh.com/inventory/new-2027-jeep-wrangler-sahara-4wd-4d-sport-utility-1c4pjxeg4vw552566/,
1FTBR2C85VKA25466,N5000093,2027,Ford,Transit-250,Base,New,55045,60975,1,,,10-Speed Automatic with Overdrive,AWD,V6,,https://www.nucarnh.com/inventory/new-2027-ford-transit-250-base-awd-3d-cargo-van-1ftbr2c85vka25466/,
5XYPDESA5VG063893,N4600147,2027,Kia,Telluride Hybrid,X-Line SX,New,55288,56705,1,,,6-Speed Automatic,AWD,2.5L 4-Cylinder,,https://www.nucarnh.com/inventory/new-2027-kia-telluride-hybrid-x-line-sx-awd-4d-sport-utility-5xypdesa5vg063893/,
1C6SRFFT3VN556274,N4900068,2027,Ram,1500,Big Horn/Lone Star,New,55296,61800,6,,,8-Speed Automatic,4WD,HEMI 5.7L V8 Multi Displacement VVT eTorque,,https://www.nucarnh.com/inventory/new-2027-ram-1500-big-hornlone-star-4wd-4d-crew-cab-1c6srfft3vn556274/,
1C6SRFFT9VN556277,N4900062,2027,Ram,1500,Big Horn/Lone Star,New,55563,62095,6,,,8-Speed Automatic,4WD,HEMI 5.7L V8 Multi Displacement VVT eTorque,,https://www.nucarnh.com/inventory/new-2027-ram-1500-big-hornlone-star-4wd-4d-crew-cab-1c6srfft9vn556277/,
1C6SRFFT7VN556276,N4900087,2027,Ram,1500,Big Horn/Lone Star,New,55563,62095,10,,,8-Speed Automatic,4WD,HEMI 5.7L V8 Multi Displacement VVT,,https://www.nucarnh.com/inventory/new-2027-ram-1500-big-hornlone-star-4wd-4d-crew-cab-1c6srfft7vn556276/,
1FT7X2BN5VEC20839,N5000083,2027,Ford,F-250SD,XL,New,56000,59985,8,,,10-Speed Automatic,4WD,7.3L V8 PFI CNG OHV 16V Federal 430hp,,https://www.nucarnh.com/inventory/new-2027-ford-f-250sd-xl-4wd-4d-extended-cab-1ft7x2bn5vec20839/,
3C6UR5CJ4VG387557,N4900074,2027,Ram,2500,Tradesman,New,56515,59910,11,,,8-Speed Automatic,4WD,6.4L V8,,https://www.nucarnh.com/inventory/new-2027-ram-2500-tradesman-4wd-4d-crew-cab-3c6ur5cj4vg387557/,
3C6LRVDG9TE188513,CT26227,2026,Ram,ProMaster 2500,High Roof,New,57070,61070,6,,,9-Speed Automatic,FWD,3.6L V6 24V VVT,,https://www.nucarnh.com/inventory/new-2026-ram-promaster-2500-high-roof-fwd-3d-cargo-van-3c6lrvdg9te188513/,
3C6UR5CJ2VG387556,N4900099,2027,Ram,2500,Tradesman,New,57144,60575,1,,,8-Speed Automatic,4WD,6.4L V8,,https://www.nucarnh.com/inventory/new-2027-ram-2500-tradesman-4wd-4d-crew-cab-3c6ur5cj2vg387556/,
1C6SRFFP7VN609447,N4900144,2027,Ram,1500,Big Horn/Lone Star,New,57458,64190,1,,,8-Speed Automatic,4WD,3.0L I6,,https://www.nucarnh.com/inventory/new-2027-ram-1500-big-hornlone-star-4wd-4d-crew-cab-1c6srffp7vn609447/,
3C6UR5CJ8VG387559,N4900110,2027,Ram,2500,Tradesman,New,57553,61020,1,,,8-Speed Automatic,4WD,6.4L V8,,https://www.nucarnh.com/inventory/new-2027-ram-2500-tradesman-4wd-4d-crew-cab-3c6ur5cj8vg387559/,
3C6UR5CJ6VG387558,N4900111,2027,Ram,2500,Tradesman,New,57553,61020,1,,,8-Speed Automatic,4WD,6.4L V8,,https://www.nucarnh.com/inventory/new-2027-ram-2500-tradesman-4wd-4d-crew-cab-3c6ur5cj6vg387558/,
3C6LRVDG9TE199558,N4900049,2026,Ram,ProMaster 2500,High Roof,New,57565,61565,9,,,9-Speed Automatic,FWD,3.6L V6 24V VVT,,https://www.nucarnh.com/inventory/new-2026-ram-promaster-2500-high-roof-fwd-3d-cargo-van-3c6lrvdg9te199558/,
3C6UR5CJ1TG287090,CT26229,2026,Ram,2500,Warlock,New,57786,62350,30,,,8-Speed Automatic,4WD,6.4L V8,,https://www.nucarnh.com/inventory/new-2026-ram-2500-warlock-4wd-4d-crew-cab-3c6ur5cj1tg287090/,
1C6SRFFP9VN609448,N4900130,2027,Ram,1500,Big Horn/Lone Star,New,57859,64635,1,,,8-Speed Automatic,4WD,3.0L I6,,https://www.nucarnh.com/inventory/new-2027-ram-1500-big-hornlone-star-4wd-4d-crew-cab-1c6srffp9vn609448/,
1C6SRFFP5VN609446,N4900148,2027,Ram,1500,Big Horn/Lone Star,New,57859,64635,1,,,8-Speed Automatic,4WD,3.0L I6,,https://www.nucarnh.com/inventory/new-2027-ram-1500-big-hornlone-star-4wd-4d-crew-cab-1c6srffp5vn609446/,
1C6SRFFP7VN609450,N4900143,2027,Ram,1500,Big Horn/Lone Star,New,57859,64635,1,,,8-Speed Automatic,4WD,3.0L I6,,https://www.nucarnh.com/inventory/new-2027-ram-1500-big-hornlone-star-4wd-4d-crew-cab-1c6srffp7vn609450/,
1C6SRFFP3VN601801,N4900122,2027,Ram,1500,Big Horn/Lone Star,New,57859,64635,4,,,8-Speed Automatic,4WD,3.0L I6,,https://www.nucarnh.com/inventory/new-2027-ram-1500-big-hornlone-star-4wd-4d-crew-cab-1c6srffp3vn601801/,
1C6SRFFP0VN609449,N4900147,2027,Ram,1500,Big Horn/Lone Star,New,57859,64635,1,,,8-Speed Automatic,4WD,3.0L I6,,https://www.nucarnh.com/inventory/new-2027-ram-1500-big-hornlone-star-4wd-4d-crew-cab-1c6srffp0vn609449/,
1FMEE8BH5TLB58406,N5000071,2026,Ford,Bronco,Outer Banks,New,57938,64265,8,,,10-Speed Automatic,4WD,2.3L EcoBoost I-4,,https://www.nucarnh.com/inventory/new-2026-ford-bronco-outer-banks-4wd-4d-sport-utility-1fmee8bh5tlb58406/,
1FT7W2BN7VEC32204,N5000081,2027,Ford,F-250SD,XL,New,58039,61640,8,,,10-Speed Automatic,4WD,7.3L V8 PFI OHV 16V Federal 420hp,,https://www.nucarnh.com/inventory/new-2027-ford-f-250sd-xl-4wd-4d-crew-cab-1ft7w2bn7vec32204/,
1C6SRFFT4VN608155,N4900145,2027,Ram,1500,Big Horn/Lone Star,New,58191,65005,1,,,8-Speed Automatic,4WD,HEMI 5.7L V8 Multi Displacement VVT,,https://www.nucarnh.com/inventory/new-2027-ram-1500-big-hornlone-star-4wd-4d-crew-cab-1c6srfft4vn608155/,
1C6SRFFT1VN556273,N4900067,2027,Ram,1500,Big Horn/Lone Star,New,58354,65190,11,,,8-Speed Automatic,4WD,HEMI 5.7L V8 Multi Displacement VVT eTorque,,https://www.nucarnh.com/inventory/new-2027-ram-1500-big-hornlone-star-4wd-4d-crew-cab-1c6srfft1vn556273/,
1C6SRFFT8VN556271,N4900066,2027,Ram,1500,Big Horn/Lone Star,New,58354,65190,6,,,8-Speed Automatic,4WD,HEMI 5.7L V8 Multi Displacement VVT eTorque,,https://www.nucarnh.com/inventory/new-2027-ram-1500-big-hornlone-star-4wd-4d-crew-cab-1c6srfft8vn556271/,
5XYPLESA7VG039307,N4600054,2027,Kia,Telluride Hybrid,X-Line SX Prestige,New,58488,60015,6,,,6-Speed Automatic,AWD,2.5L 4-Cylinder,,https://www.nucarnh.com/inventory/new-2027-kia-telluride-hybrid-x-line-sx-prestige-awd-4d-sport-utility-5xyplesa7vg039307/,
1C6SRFFT6VN608156,N4900146,2027,Ram,1500,Big Horn/Lone Star,New,58592,65450,1,,,8-Speed Automatic,4WD,HEMI 5.7L V8 Multi Displacement VVT,,https://www.nucarnh.com/inventory/new-2027-ram-1500-big-hornlone-star-4wd-4d-crew-cab-1c6srfft6vn608156/,
1C6SRFFT2VN608154,N4900149,2027,Ram,1500,Big Horn/Lone Star,New,58592,65450,1,,,8-Speed Automatic,4WD,HEMI 5.7L V8 Multi Displacement VVT,,https://www.nucarnh.com/inventory/new-2027-ram-1500-big-hornlone-star-4wd-4d-crew-cab-1c6srfft2vn608154/,
1FT7W2BN8VEC32695,N5000078,2027,Ford,F-250SD,XL,New,58643,61195,10,,,10-Speed Automatic,4WD,7.3L V8 PFI OHV 16V Federal 420hp,,https://www.nucarnh.com/inventory/new-2027-ford-f-250sd-xl-4wd-4d-crew-cab-1ft7w2bn8vec32695/,
1FMEE8BH0TLB48432,N5000054,2026,Ford,Bronco,Outer Banks,New,59677,66155,16,,,10-Speed Automatic,4WD,2.3L EcoBoost I-4,,https://www.nucarnh.com/inventory/new-2026-ford-bronco-outer-banks-4wd-4d-sport-utility-1fmee8bh0tlb48432/,
1C6RJTBG6VL554771,N4900126,2027,Jeep,Gladiator,Rubicon,New,60015,61830,6,,,8-Speed Automatic,4WD,3.6L V6 24V VVT,,https://www.nucarnh.com/inventory/new-2027-jeep-gladiator-rubicon-4wd-4d-crew-cab-1c6rjtbg6vl554771/,
1C6SRFFT0VN592374,N4900121,2027,Ram,1500,Big Horn/Lone Star,New,60455,67490,4,,,8-Speed Automatic,4WD,HEMI 5.7L V8 Multi Displacement VVT,,https://www.nucarnh.com/inventory/new-2027-ram-1500-big-hornlone-star-4wd-4d-crew-cab-1c6srfft0vn592374/,
1FMEE9BP9TLB50242,N5000051,2026,Ford,Bronco,Badlands,New,61055,67635,6,,,10-Speed Automatic,4WD,2.7L EcoBoost V6,,https://www.nucarnh.com/inventory/new-2026-ford-bronco-badlands-4wd-4d-sport-utility-1fmee9bp9tlb50242/,
3C6UR5DJ1VG387563,N4900070,2027,Ram,2500,Big Horn,New,61399,66205,8,,,8-Speed Automatic,4WD,6.4L V8,,https://www.nucarnh.com/inventory/new-2027-ram-2500-big-horn-4wd-4d-crew-cab-3c6ur5dj1vg387563/,
1FTFW5L54TFB95874,N5000043,2026,Ford,F-150,Lariat,New,61626,71320,8,,,10-Speed Automatic,4WD,5.0L V8,,https://www.nucarnh.com/inventory/new-2026-ford-f-150-lariat-4wd-4d-supercrew-1ftfw5l54tfb95874/,
1FMEE9BP0TLB73456,N5000094,2026,Ford,Bronco,Badlands,New,61646,68285,1,,,10-Speed Automatic,4WD,2.7L EcoBoost V6,,https://www.nucarnh.com/inventory/new-2026-ford-bronco-badlands-4wd-4d-sport-utility-1fmee9bp0tlb73456/,
1FTFW3L86TKE28563,N5000091,2026,Ford,F-150,XLT,New,61947,71950,10,,,10-Speed Automatic,4WD,3.5L V6 EcoBoost,,https://www.nucarnh.com/inventory/new-2026-ford-f-150-xlt-4wd-4d-supercrew-1ftfw3l86tke28563/,
1FMEE9BP8TLB43797,N5000049,2026,Ford,Bronco,Badlands,New,63891,70720,8,,,10-Speed Automatic,4WD,2.7L EcoBoost V6,,https://www.nucarnh.com/inventory/new-2026-ford-bronco-badlands-4wd-4d-sport-utility-1fmee9bp8tlb43797/,
3C63R5DL3TG338164,CT26252,2026,Ram,2500,Big Horn,New,64066,79485,6,,,8-Speed Automatic,4WD,6.7L I6,,https://www.nucarnh.com/inventory/new-2026-ram-2500-big-horn-4wd-4d-crew-cab-3c63r5dl3tg338164/,
1C4RJKER7V8163230,N4900086,2027,Jeep,Grand Cherokee L,Summit,New,64488,67120,10,,,8-Speed Automatic,4WD,2.0L Hurricane 4 Turbo with ESS,,https://www.nucarnh.com/inventory/new-2027-jeep-grand-cherokee-l-summit-4wd-4d-sport-utility-1c4rjker7v8163230/,
1C4RJXFG2VW552573,N4900079,2027,Jeep,Wrangler,Rubicon X,New,64636,69210,12,,,8-Speed Automatic,4WD,3.6L V6 24V VVT,,https://www.nucarnh.com/inventory/new-2027-jeep-wrangler-rubicon-x-4wd-4d-sport-utility-1c4rjxfg2vw552573/,
1C4RJXFG0VW552572,N4900080,2027,Jeep,Wrangler,Rubicon X,New,64636,69210,6,,,8-Speed Automatic,4WD,3.6L V6 24V VVT,,https://www.nucarnh.com/inventory/new-2027-jeep-wrangler-rubicon-x-4wd-4d-sport-utility-1c4rjxfg0vw552572/,
1FT8W2BN0VEC31948,N5000075,2027,Ford,F-250SD,XLT,New,65088,68260,8,,,10-Speed Automatic,4WD,7.3L V8 PFI CNG OHV 16V Federal 420hp,,https://www.nucarnh.com/inventory/new-2027-ford-f-250sd-xlt-4wd-4d-crew-cab-1ft8w2bn0vec31948/,
1FTFW5L81TFC05738,N5000031,2026,Ford,F-150,Lariat,New,65550,76215,8,,,10-Speed Automatic,4WD,3.5L V6 EcoBoost,,https://www.nucarnh.com/inventory/new-2026-ford-f-150-lariat-4wd-4d-supercrew-1ftfw5l81tfc05738/,
1FT8W2BN1VEC52520,N5000095,2027,Ford,F-250SD,XLT,New,67313,70760,1,,,10-Speed Automatic,4WD,7.3L V8 PFI OHV 16V Federal 420hp,,https://www.nucarnh.com/inventory/new-2027-ford-f-250sd-xlt-4wd-4d-crew-cab-1ft8w2bn1vec52520/,
1C6SRFLT1VN562448,N4900140,2027,Ram,1500,Rebel,New,67669,76585,1,,,8-Speed Automatic,4WD,HEMI 5.7L V8 Multi Displacement VVT,,https://www.nucarnh.com/inventory/new-2027-ram-1500-rebel-4wd-4d-crew-cab-1c6srflt1vn562448/,
1FAGP8FFXT5129672,N5000057,2026,Ford,Mustang,GT Premium,New,73030,74030,1,,,10-Speed Automatic,RWD,5.0L V8 Ti-VCT,,https://www.nucarnh.com/inventory/new-2026-ford-mustang-gt-premium-rwd-2d-convertible-1fagp8ffxt5129672/,
1FT7W2BN5VEC51558,N5000079,2027,Ford,F-250SD,Lariat,New,73544,77360,9,,,10-Speed Automatic,4WD,7.3L V8 PFI CNG OHV 16V Federal 420hp,,https://www.nucarnh.com/inventory/new-2027-ford-f-250sd-lariat-4wd-4d-crew-cab-1ft7w2bn5vec51558/,
1C6SRFUP1VN555548,N6100683,2027,Ram,1500,RHO,New,74287,80450,5,,,8-Speed Automatic,4WD,3.0L I6,,https://www.nucarnh.com/inventory/new-2027-ram-1500-rho-4wd-4d-crew-cab-1c6srfup1vn555548/,
1FTFW7L85TFA86331,FT26100,2026,Ford,F-150,Platinum,New,78400,86390,40,,,10-Speed Automatic,4WD,3.5L V6 EcoBoost,,https://www.nucarnh.com/inventory/new-2026-ford-f-150-platinum-4wd-4d-supercrew-1ftfw7l85tfa86331/,
1FT8W2BN3VEC22936,N5000080,2027,Ford,F-250SD,Platinum,New,83302,87710,10,,,10-Speed Automatic,4WD,7.3L V8 PFI CNG OHV 16V Federal 420hp,,https://www.nucarnh.com/inventory/new-2027-ford-f-250sd-platinum-4wd-4d-crew-cab-1ft8w2bn3vec22936/,
1FT7W2BN7VEC26578,N5000077,2027,Ford,F-250SD,Platinum,New,85469,90010,10,,,10-Speed Automatic,4WD,7.3L V8 PFI CNG OHV 16V Federal 420hp,,https://www.nucarnh.com/inventory/new-2027-ford-f-250sd-platinum-4wd-4d-crew-cab-1ft7w2bn7vec26578/,
1FTFW1RG6TFB99460,N5000053,2026,Ford,F-150,Raptor,New,95010,95510,8,,,10-Speed Automatic,4WD,3.5L V6 EcoBoost High Output,,https://www.nucarnh.com/inventory/new-2026-ford-f-150-raptor-4wd-4d-supercrew-1ftfw1rg6tfb99460/,
1FT8W3BM4VEC57563,N5000089,2027,Ford,F-350SD,Platinum,New,100050,108115,1,,,10-Speed Automatic,4WD,HO,,https://www.nucarnh.com/inventory/new-2027-ford-f-350sd-platinum-4wd-4d-crew-cab-1ft8w3bm4vec57563/,
3VVBR7RM4VM010825,N4800083,2027,Volkswagen,Tiguan,S,New,,0,0,,,8-Speed Automatic,AWD,2.0L TSI DOHC,,https://www.nucarnh.com/inventory/new-2027-volkswagen-tiguan-s-awd-4d-sport-utility-3vvbr7rm4vm010825/,
JN8BT3DD8TW019674,N4700175,2026,Nissan,Rogue,Platinum,New,,0,0,,,CVT with Xtronic,AWD,1.5L DOHC,,https://www.nucarnh.com/inventory/new-2026-nissan-rogue-platinum-awd-4d-sport-utility-jn8bt3dd8tw019674/,
3VVBR7RM0TM071392,CD71392,2026,Volkswagen,Tiguan,S,New,,0,6,,,8-Speed Automatic,AWD,2.0L TSI DOHC,,https://www.nucarnh.com/inventory/new-2026-volkswagen-tiguan-s-awd-4d-sport-utility-3vvbr7rm0tm071392/,
3VVBR7RM4VM010467,N4800037,2027,Volkswagen,Tiguan,S,New,,0,0,,,8-Speed Automatic,AWD,2.0L TSI DOHC,,https://www.nucarnh.com/inventory/new-2027-volkswagen-tiguan-s-awd-4d-sport-utility-3vvbr7rm4vm010467/,
3VW5W7BU9VM016387,N4800060,2027,Volkswagen,Jetta,1.5T S,New,,0,0,,,8-Speed Automatic with Tiptronic,FWD,1.5L I-4 DI DOHC Turbocharged,,https://www.nucarnh.com/inventory/new-2027-volkswagen-jetta-1-5t-s-fwd-4d-sedan-3vw5w7bu9vm016387/,
3VW7W7BU5VM017836,N4800058,2027,Volkswagen,Jetta,1.5T SE,New,,0,0,,,8-Speed Automatic with Tiptronic,FWD,1.5L I-4 DI DOHC Turbocharged,,https://www.nucarnh.com/inventory/new-2027-volkswagen-jetta-1-5t-se-fwd-4d-sedan-3vw7w7bu5vm017836/,
1V2LC2CA0TC223368,CD23368,2026,Volkswagen,Atlas Cross Sport,SE,New,,0,6,,,8-Speed Automatic with Tiptronic,AWD,2.0L TSI,,https://www.nucarnh.com/inventory/new-2026-volkswagen-atlas-cross-sport-se-awd-4d-sport-utility-1v2lc2ca0tc223368/,
3VVVD7B28VM027700,N4800084,2027,Volkswagen,Taos,1.5T SE,New,,0,0,,,8-Speed Automatic with Tiptronic,AWD,1.5L I4 Turbocharged DOHC 16V LEV3-SULEV30 174hp,,https://www.nucarnh.com/inventory/new-2027-volkswagen-taos-1-5t-se-awd-4d-sport-utility-3vvvd7b28vm027700/,
3VW7W7BU1VM016991,N4800057,2027,Volkswagen,Jetta,1.5T SE,New,,0,0,,,8-Speed Automatic with Tiptronic,FWD,1.5L I-4 DI DOHC Turbocharged,,https://www.nucarnh.com/inventory/new-2027-volkswagen-jetta-1-5t-se-fwd-4d-sedan-3vw7w7bu1vm016991/,
3VWBW7BU9VM019048,N4800035,2027,Volkswagen,Jetta,1.5T Sport,New,,0,0,,,8-Speed Automatic with Tiptronic,FWD,1.5L I-4 DI DOHC Turbocharged,,https://www.nucarnh.com/inventory/new-2027-volkswagen-jetta-1-5t-sport-fwd-4d-sedan-3vwbw7bu9vm019048/,
1C4PJMCB1HW501486,U5000184B,2017,Jeep,Cherokee,Latitude,Used,6962,0,164116,,,9-Speed Automatic,4WD,2.4L I4 PZEV MultiAir,,https://www.nucarnh.com/inventory/used-2017-jeep-cherokee-latitude-4wd-4d-sport-utility-1c4pjmcb1hw501486/,
JN8AT2MV9HW278115,N4700074B,2017,Nissan,Rogue,S,Used,9577,0,133677,,,CVT with Xtronic,AWD,2.5L I4 DOHC 16V,,https://www.nucarnh.com/inventory/used-2017-nissan-rogue-s-awd-4d-sport-utility-jn8at2mv9hw278115/,
5XXGT4L30LG400873,U6001075A,2020,Kia,Optima,LX,Used,9894,0,106777,,,6-Speed Automatic with Sportmatic,FWD,2.4L I4 DGI DOHC,,https://www.nucarnh.com/inventory/used-2020-kia-optima-lx-fwd-4d-sedan-5xxgt4l30lg400873/,
1C4RJFBG5GC372234,U0500571AA,2016,Jeep,Grand Cherokee,Limited,Used,10984,0,136167,,,8-Speed Automatic,4WD,3.6L V6 24V VVT,,https://www.nucarnh.com/inventory/used-2016-jeep-grand-cherokee-limited-4wd-4d-sport-utility-1c4rjfbg5gc372234/,
2C4RC1EG6HR603479,U5000364,2017,Chrysler,Pacifica,Touring L Plus,Used,13784,0,88655,,,9-Speed Automatic,FWD,3.6L V6 24V VVT,,https://www.nucarnh.com/inventory/used-2017-chrysler-pacifica-touring-l-plus-fwd-4d-passenger-van-2c4rc1eg6hr603479/,
1C4BJWEG2FL665729,N4700059C,2015,Jeep,Wrangler,Unlimited Sahara,Used,13855,0,133525,,,5-Speed Automatic,4WD,3.6L V6 24V VVT,,https://www.nucarnh.com/inventory/used-2015-jeep-wrangler-unlimited-sahara-4wd-4d-sport-utility-1c4bjweg2fl665729/,
1C4BJWDG3JL809086,U1500588A,2018,Jeep,Wrangler JK,Unlimited Sport,Used,14512,0,136268,,,5-Speed Automatic,4WD,3.6L V6 24V VVT,,https://www.nucarnh.com/inventory/used-2018-jeep-wrangler-jk-unlimited-sport-4wd-4d-sport-utility-1c4bjwdg3jl809086/,
5XYK3CAF9PG076843,N4700104A,2023,Kia,Sportage,EX,Used,15443,0,124628,,,8-Speed Automatic,AWD,I4,,https://www.nucarnh.com/inventory/used-2023-kia-sportage-ex-awd-4d-sport-utility-5xyk3caf9pg076843/,
JTMJJREV8JD183250,N4700129A,2018,Toyota,RAV4 Hybrid,SE,Used,15569,0,162034,,,CVT,AWD,2.5L 4-Cylinder,,https://www.nucarnh.com/inventory/used-2018-toyota-rav4-hybrid-se-awd-4d-sport-utility-jtmjjrev8jd183250/,
5XYPH4A52LG645014,N4600100A,2020,Kia,Sorento,EX,Used,15959,0,109454,,,8-Speed Automatic,FWD,V6,,https://www.nucarnh.com/inventory/used-2020-kia-sorento-ex-fwd-4d-sport-utility-5xyph4a52lg645014/,
5FNYF6H38LB036141,U2400564B,2020,Honda,Pilot,EX,Used,16406,0,122584,,,6-Speed Automatic,AWD,3.5L V6 24V SOHC i-VTEC,,https://www.nucarnh.com/inventory/used-2020-honda-pilot-ex-awd-4d-sport-utility-5fnyf6h38lb036141/,
2T1BURHE1KC208219,U5000286A,2019,Toyota,Corolla,LE,Used,16463,0,69585,,,CVT,FWD,1.8L I4 DOHC,,https://www.nucarnh.com/inventory/used-2019-toyota-corolla-le-fwd-4d-sedan-2t1burhe1kc208219/,
4T1C11AK4MU449501,N4700012A,2021,Toyota,Camry,LE,Used,16603,0,119688,,,8-Speed Automatic,FWD,2.5L I4 DOHC 16V,,https://www.nucarnh.com/inventory/used-2021-toyota-camry-le-fwd-4d-sedan-4t1c11ak4mu449501/,
1FTEW1EG0JFD48203,N5000055A,2018,Ford,F-150,XLT,Used,16897,0,150438,,,10-Speed Automatic,4WD,3.5L V6 EcoBoost,,https://www.nucarnh.com/inventory/used-2018-ford-f-150-xlt-4wd-4d-supercrew-1ftew1eg0jfd48203/,
5XYP2DHC8NG283229,U0800623A,2022,Kia,Telluride,LX,Used,16929,0,140663,,,8-Speed Automatic,AWD,3.8L V6 DOHC,,https://www.nucarnh.com/inventory/used-2022-kia-telluride-lx-awd-4d-sport-utility-5xyp2dhc8ng283229/,
KMHLR4AF7NU243555,N4800062A,2022,Hyundai,Elantra,N Line,Used,17644,0,87265,,,7-Speed Dual Clutch DCT,FWD,1.6L 4-Cylinder DOHC 16V,,https://www.nucarnh.com/inventory/used-2022-hyundai-elantra-n-line-fwd-4d-sedan-kmhlr4af7nu243555/,
3VW5X7BU4SM027953,U5000376,2025,Volkswagen,Jetta,1.5T S,Used,17977,0,59636,,,8-Speed Automatic with Tiptronic,FWD,1.5L I-4 DI DOHC Turbocharged,,https://www.nucarnh.com/inventory/used-2025-volkswagen-jetta-1-5t-s-fwd-4d-sedan-3vw5x7bu4sm027953/,
1G1ZD5STXSF131994,U5000380,2025,Chevrolet,Malibu,LT,Used,18906,0,48794,,,CVT,FWD,1.5L DOHC,,https://www.nucarnh.com/inventory/used-2025-chevrolet-malibu-lt-fwd-4d-sedan-1g1zd5stxsf131994/,
3VV2X7B28NM065003,U5000366,2022,Volkswagen,Taos,1.5T SEL,Used,19687,0,71372,,,7-Speed DSG Automatic with Tiptronic,AWD,1.5L I4 Turbocharged DOHC 16V LEV3-SULEV30 158hp,,https://www.nucarnh.com/inventory/used-2022-volkswagen-taos-1-5t-sel-awd-4d-sport-utility-3vv2x7b28nm065003/,
2T3RFREV2JW786802,U5000382,2018,Toyota,RAV4,XLE,Used,19983,0,110528,,,6-Speed Automatic,AWD,2.5L 4-Cylinder DOHC Dual VVT-i,,https://www.nucarnh.com/inventory/used-2018-toyota-rav4-xle-awd-4d-sport-utility-2t3rfrev2jw786802/,
3C4NJDCN0RT134296,U5000378,2024,Jeep,Compass,Limited,Used,20404,0,56366,,,8-Speed Automatic,4WD,2.0L I4 DOHC,,https://www.nucarnh.com/inventory/used-2024-jeep-compass-limited-4wd-4d-sport-utility-3c4njdcn0rt134296/,
1GCHTCEN4H1268605,U1200385AA,2017,Chevrolet,Colorado,LT,Used,20450,0,69161,,,8-Speed Automatic,4WD,V6,,https://www.nucarnh.com/inventory/used-2017-chevrolet-colorado-lt-4wd-standard-bed-1gchtcen4h1268605/,
3VV8X7B20RM017804,U5000377,2024,Volkswagen,Taos,1.5T S,Used,20897,0,51388,,,7-Speed DSG Automatic with Tiptronic,AWD,1.5L I4 Turbocharged DOHC 16V LEV3-SULEV30 158hp,,https://www.nucarnh.com/inventory/used-2024-volkswagen-taos-1-5t-s-awd-4d-sport-utility-3vv8x7b20rm017804/,
KMHL64JA1RA358933,U5000375,2024,Hyundai,Sonata,SEL,Used,22333,0,44877,,,8-Speed Automatic,AWD,I4,,https://www.nucarnh.com/inventory/used-2024-hyundai-sonata-sel-awd-4d-sedan-kmhl64ja1ra358933/,
4S3BWAN62P3008989,N4600127A,2023,Subaru,Legacy,Limited,Used,23396,0,58960,,,Lineartronic CVT,AWD,2.5L 4-Cylinder DOHC 16V,,https://www.nucarnh.com/inventory/used-2023-subaru-legacy-limited-awd-4d-sedan-4s3bwan62p3008989/,
1C4HJXDN9MW793381,U1500514B,2021,Jeep,Wrangler,Unlimited Sport,Used,23764,0,74299,,,8-Speed Automatic,4WD,2.0L I4 DOHC,,https://www.nucarnh.com/inventory/used-2021-jeep-wrangler-unlimited-sport-4wd-4d-sport-utility-1c4hjxdn9mw793381/,
7MUAAABG0NV037562,U5000357,2022,Toyota,Corolla Cross,L,Used,24664,0,38000,,,CVT,AWD,2.0L I4 PDI DOHC 16V LEV3-SULEV30 169hp,,https://www.nucarnh.com/inventory/used-2022-toyota-corolla-cross-l-awd-4d-sport-utility-7muaaabg0nv037562/,
WVWGA7CD3RW215000,U5000374,2024,Volkswagen,Golf GTI,2.0T S,Used,25423,0,41706,,,7-Speed DSG Automatic with Tiptronic,FWD,2.0L TSI DOHC,,https://www.nucarnh.com/inventory/used-2024-volkswagen-golf-gti-2-0t-s-fwd-4d-hatchback-wvwga7cd3rw215000/,
5YJYGDEE6MF208630,SFT26136N,2021,Tesla,Model Y,Long Range,Used,27776,0,46968,,,1-Speed Automatic,AWD,Electric Motor,,https://www.nucarnh.com/inventory/used-2021-tesla-model-y-long-range-awd-4d-sport-utility-5yjygdee6mf208630/,
1V2HR2CA8SC520987,U5000379,2025,Volkswagen,Atlas,2.0T SE w/Technology,Used,29876,0,38185,,,8-Speed Automatic,AWD,2.0L TSI,,https://www.nucarnh.com/inventory/used-2025-volkswagen-atlas-2-0t-se-wtechnology-awd-4d-sport-utility-1v2hr2ca8sc520987/,
4S4BTADC7S3253856,U5000359,2025,Subaru,Outback,Premium,Used,29963,0,26764,,,CVT Lineartronic,AWD,2.5L 4-Cylinder DOHC 16V,,https://www.nucarnh.com/inventory/used-2025-subaru-outback-premium-awd-4d-sport-utility-4s4btadc7s3253856/,
4S4GUHM60S3721948,N4700142A,2025,Subaru,Crosstrek,Limited,Used,29963,0,14146,,,Lineartronic CVT,AWD,2.5L 4-Cylinder DOHC 16V,,https://www.nucarnh.com/inventory/used-2025-subaru-crosstrek-limited-awd-4d-sport-utility-4s4guhm60s3721948/,
5N1BT3BB6VC684179,N4700163,2027,Nissan,Rogue,SV,New,30312,35010,1,,,CVT,AWD,I3,,https://www.nucarnh.com/inventory/new-2027-nissan-rogue-sv-awd-4d-sport-utility-5n1bt3bb6vc684179/,
1C6SRFMT3MN727185,U5000329A,2021,Ram,1500,Big Horn/Lone Star,Used,30823,0,63985,,,8-Speed Automatic,4WD,HEMI 5.7L V8 Multi Displacement VVT,,https://www.nucarnh.com/inventory/used-2021-ram-1500-big-hornlone-star-4wd-4d-crew-cab-1c6srfmt3mn727185/,
5XYK2CDF7VG480879,N4600111,2027,Kia,Sportage,LX,New,32031,33375,10,,,8-Speed Automatic,AWD,I4,,https://www.nucarnh.com/inventory/new-2027-kia-sportage-lx-awd-4d-sport-utility-5xyk2cdf7vg480879/,
3VVGR7RM7SM009136,U5000372,2025,Volkswagen,Tiguan,2.0T SE R-Line Black,Used,32711,0,22745,,,8-Speed Automatic,AWD,2.0L TSI DOHC,,https://www.nucarnh.com/inventory/used-2025-volkswagen-tiguan-2-0t-se-r-line-black-awd-4d-sport-utility-3vvgr7rm7sm009136/,
WVWSE7CD4TW166914,U1300699A,2026,Volkswagen,Golf GTI,SE,Used,33623,0,19052,,,7-Speed DSG Automatic with Tiptronic,FWD,2.0L TSI DOHC,,https://www.nucarnh.com/inventory/used-2026-volkswagen-golf-gti-se-fwd-4d-hatchback-wvwse7cd4tw166914/,
WUAPWAF55KA907607,N4600084A,2019,Audi,RS 5,2.9T,Used,34695,0,88687,,,8-Speed Automatic with Tiptronic,quattro,2.9L TFSI 6 Cylinder 24V DOHC,,https://www.nucarnh.com/inventory/used-2019-audi-rs-5-2-9t-quattro-2d-coupe-wuapwaf55ka907607/,
3C4PJMB28TT217207,CT26196,2026,Jeep,Cherokee,Laredo,New,35090,40590,6,,,CVT,4WD,1.6L I4,,https://www.nucarnh.com/inventory/new-2026-jeep-cherokee-laredo-4wd-4d-sport-utility-3c4pjmb28tt217207/,
3C4NJDCN1VT558192,N4900118,2027,Jeep,Compass,Limited,New,37638,37960,1,,,8-Speed Automatic,4WD,2.0L I4 DOHC,,https://www.nucarnh.com/inventory/new-2027-jeep-compass-limited-4wd-4d-sport-utility-3c4njdcn1vt558192/,
1C6SRFJT6PN635819,N4900022A,2023,Ram,1500,Laramie,Used,40557,0,35648,,,8-Speed Automatic,4WD,HEMI 5.7L V8 Multi Displacement VVT eTorque,,https://www.nucarnh.com/inventory/used-2023-ram-1500-laramie-4wd-4d-crew-cab-1c6srfjt6pn635819/,
1GNSKTKL8MR269402,U5000348,2021,Chevrolet,Tahoe,High Country,Used,45867,0,70656,,,10-Speed Automatic with Overdrive,4WD,EcoTec3 6.2L V8,,https://www.nucarnh.com/inventory/used-2021-chevrolet-tahoe-high-country-4wd-4d-sport-utility-1gnsktkl8mr269402/,
5TFMA5DB3PX122392,U5000360,2023,Toyota,Tundra,1794,Used,48882,0,38940,,,10-Speed Automatic,4WD,3.4L V6,,https://www.nucarnh.com/inventory/used-2023-toyota-tundra-1794-4wd-4d-crewmax-5tfma5db3px122392/,
1V2J53DHXVC502591,N4800032,2027,Volkswagen,Atlas,SE w/Technology,New,51145,52145,0,,,8-Speed Automatic with Tiptronic,AWD,2.0L 4-Cylinder DOHC 16V,,https://www.nucarnh.com/inventory/new-2027-volkswagen-atlas-se-wtechnology-awd-4d-sport-utility-1v2j53dhxvc502591/,
1V2J53DH8VC500984,N4800033,2027,Volkswagen,Atlas,SE w/Technology,New,51540,52540,0,,,8-Speed Automatic with Tiptronic,AWD,2.0L 4-Cylinder DOHC 16V,,https://www.nucarnh.com/inventory/new-2027-volkswagen-atlas-se-wtechnology-awd-4d-sport-utility-1v2j53dh8vc500984/,
3C6TR5EJ9PG617105,U5000369,2023,Ram,2500,Power Wagon,Used,51647,0,62665,,,8-Speed Automatic,4WD,6.4L V8,,https://www.nucarnh.com/inventory/used-2023-ram-2500-power-wagon-4wd-4d-crew-cab-3c6tr5ej9pg617105/,
1V2C53DH9VC505278,N4800038,2027,Volkswagen,Atlas,SEL,New,53750,54750,0,,,8-Speed Automatic with Tiptronic,AWD,2.0L 4-Cylinder DOHC 16V,,https://www.nucarnh.com/inventory/new-2027-volkswagen-atlas-sel-awd-4d-sport-utility-1v2c53dh9vc505278/,
1V2F53DH0VC503335,N4800034,2027,Volkswagen,Atlas,SEL Premium R-Line,New,58945,59945,1,,,8-Speed Automatic with Tiptronic,AWD,2.0L 4-Cylinder DOHC 16V,,https://www.nucarnh.com/inventory/new-2027-volkswagen-atlas-sel-premium-r-line-awd-4d-sport-utility-1v2f53dh0vc503335/,
1V2F53DH6VC506109,N4800039,2027,Volkswagen,Atlas,SEL Premium R-Line,New,58945,59945,0,,,8-Speed Automatic with Tiptronic,AWD,2.0L 4-Cylinder DOHC 16V,,https://www.nucarnh.com/inventory/new-2027-volkswagen-atlas-sel-premium-r-line-awd-4d-sport-utility-1v2f53dh6vc506109/,
3C7WRTAL3VG402451,N4900109,2027,Ram,3500 Chassis Cab,Tradesman,New,67252,72855,1,,,8-Speed Automatic,4WD,Cummins 6.7L I6 Turbodiesel,,https://www.nucarnh.com/inventory/new-2027-ram-3500-chassis-cab-tradesman-4wd-2d-standard-cab-3c7wrtal3vg402451/,
2C3CCAKTXCH238332,U5000384,2012,Chrysler,300,C,Used,,0,196873,,,5-Speed Automatic,AWD,HEMI 5.7L V8 Multi Displacement VVT,,https://www.nucarnh.com/inventory/used-2012-chrysler-300-c-awd-4d-sedan-2c3ccaktxch238332/,
3C4NJDCN7PT542243,KT26258A,2023,Jeep,Compass,Limited,Used,,0,21744,,,8-Speed Automatic,4WD,2.0L I4 DOHC,,https://www.nucarnh.com/inventory/used-2023-jeep-compass-limited-4wd-4d-sport-utility-3c4njdcn7pt542243/,
3C6UR5SL3NG315056,N4900089A,2022,Ram,2500,Limited,Used,,0,9505,,,6-Speed Automatic,4WD,Cummins 6.7L I6 Turbodiesel,,https://www.nucarnh.com/inventory/used-2022-ram-2500-limited-4wd-4d-crew-cab-3c6ur5sl3ng315056/,
1FMDE8BH8RLA67537,U0800976A,2024,Ford,Bronco,Outer Banks,Used,,0,59751,,,10-Speed Automatic,4WD,2.3L EcoBoost I-4,,https://www.nucarnh.com/inventory/used-2024-ford-bronco-outer-banks-4wd-4d-sport-utility-1fmde8bh8rla67537/,
1N4AL3APXEC421969,817,2014,Nissan,Altima,2.5 SV,Used,,0,159575,,,CVT with Xtronic,FWD,2.5L I4 DOHC 16V,,https://www.nucarnh.com/inventory/used-2014-nissan-altima-2-5-sv-fwd-4d-sedan-1n4al3apxec421969/,
3VWM17AU6KM521505,VT26071A,2019,Volkswagen,Golf Alltrack,,Used,,0,110172,,,6-Speed Manual,AWD,1.8L TSI,,https://www.nucarnh.com/inventory/used-2019-volkswagen-golf-alltrack-awd-4d-wagon-3vwm17au6km521505/,
KNDPUCDF1R7325019,U5000383,2024,Kia,Sportage,LX,Used,,0,10198,,,8-Speed Automatic,AWD,I4,,https://www.nucarnh.com/inventory/used-2024-kia-sportage-lx-awd-4d-sport-utility-kndpucdf1r7325019/,
JN8AT2MV1JW344565,KT26247M,2018,Nissan,Rogue,SV,Used,,0,103000,,,CVT with Xtronic,AWD,2.5L I4 DOHC 16V,,https://www.nucarnh.com/inventory/used-2018-nissan-rogue-sv-awd-4d-sport-utility-jn8at2mv1jw344565/,
KNDETCA23M7214346,KT26247A,2021,Kia,Seltos,SX,Used,,0,75594,,,7-Speed Automatic,AWD,I4,,https://www.nucarnh.com/inventory/used-2021-kia-seltos-sx-awd-4d-sport-utility-kndetca23m7214346/,
